Number;Date-Time;Temp(°C);Depth(m);Salinity(psu);Conduct(mS/cm);Velocity(m/sec)
1;08.07.2022 09:00:00;8,95;-2,11;0,00;0,00;1442,26
2;08.07.2022 10:00:00;26,02;-1,88;0,01;0,00;1499,10
3;08.07.2022 11:00:00;23,80;-2,00;0,01;0,00;1493,00
4;08.07.2022 12:00:00;28,35;-2,00;0,01;0,00;1505,15
5;08.07.2022 13:00:00;29,61;-1,82;0,01;0,00;1508,26
6;08.07.2022 14:00:00;30,34;-1,94;0,01;0,00;1510,03
7;08.07.2022 15:00:00;27,68;-1,94;0,01;0,00;1503,45
8;08.07.2022 16:00:00;27,24;-2,00;0,01;0,00;1502,32
9;08.07.2022 17:00:00;28,61;-1,88;0,01;0,00;1505,81
10;08.07.2022 18:00:00;31,34;-1,88;0,01;0,00;1512,38
11;08.07.2022 19:00:00;30,78;-1,82;0,01;0,00;1511,08
12;08.07.2022 20:00:00;27,80;-1,94;0,01;0,00;1503,75
13;08.07.2022 21:00:00;21,92;-1,94;0,01;0,00;1487,57
14;08.07.2022 22:00:00;21,66;-1,94;0,01;0,00;1486,78
15;08.07.2022 23:00:00;18,81;-2,00;0,01;0,00;1477,97
16;09.07.2022 00:00:00;15,64;-2,00;0,01;0,00;1467,37
17;09.07.2022 01:00:00;12,83;-2,05;0,01;0,00;1457,31
18;09.07.2022 02:00:00;10,84;-2,11;0,01;0,00;1449,75
19;09.07.2022 03:00:00;9,25;-2,11;0,00;0,00;1443,48
20;09.07.2022 04:00:00;8,11;-2,23;0,00;0,00;1438,79
21;09.07.2022 05:00:00;7,94;-2,11;0,00;0,00;1438,09
22;09.07.2022 06:00:00;16,19;-1,82;0,01;0,00;1469,27
23;09.07.2022 07:00:00;16,73;-1,94;0,01;0,00;1471,13
24;09.07.2022 08:00:00;16,67;-1,88;0,01;0,00;1470,93
25;09.07.2022 09:00:00;18,33;-1,94;0,01;0,00;1476,42
26;09.07.2022 10:00:00;17,16;-1,94;0,01;0,00;1472,56
27;09.07.2022 11:00:00;28,70;-2,00;0,01;0,00;1506,03
28;09.07.2022 12:00:00;22,07;-2,11;0,01;0,00;1488,00
29;09.07.2022 13:00:00;16,70;-2,05;0,01;0,00;1471,03
30;09.07.2022 14:00:00;19,17;-2,00;0,01;0,00;1479,11
31;09.07.2022 15:00:00;24,27;-2,05;0,01;0,00;1494,32
32;09.07.2022 16:00:00;20,86;-2,05;0,01;0,00;1484,38
33;09.07.2022 17:00:00;21,92;-2,00;0,01;0,00;1487,57
34;09.07.2022 18:00:00;22,57;-1,94;0,01;0,00;1489,47
35;09.07.2022 19:00:00;23,25;-2,00;0,01;0,00;1491,42
36;09.07.2022 20:00:00;23,86;-1,88;0,01;0,00;1493,17
37;09.07.2022 21:00:00;23,92;-1,88;0,01;0,00;1493,34
38;09.07.2022 22:00:00;23,86;-1,88;0,01;0,00;1493,17
39;09.07.2022 23:00:00;23,65;-1,94;0,01;0,00;1492,59
40;10.07.2022 00:00:00;23,48;-1,88;0,01;0,00;1492,09
41;10.07.2022 01:00:00;23,33;-1,94;0,01;0,00;1491,67
42;10.07.2022 02:00:00;23,27;-2,00;0,01;0,00;1491,50
43;10.07.2022 03:00:00;23,13;-1,94;0,01;0,00;1491,08
44;10.07.2022 04:00:00;23,10;-1,94;0,01;0,00;1491,00
45;10.07.2022 05:00:00;21,87;-2,00;0,01;0,00;1487,39
46;10.07.2022 06:00:00;10,84;-2,05;0,01;0,00;1449,75
47;10.07.2022 07:00:00;9,45;-2,11;0,00;0,00;1444,29
48;10.07.2022 08:00:00;9,12;-2,05;0,00;0,00;1442,94
49;10.07.2022 09:00:00;17,76;-1,88;0,01;0,00;1474,56
50;10.07.2022 10:00:00;15,42;-1,94;0,01;0,00;1466,62
51;10.07.2022 11:00:00;8,34;-2,17;0,00;0,00;1439,78
52;10.07.2022 12:00:00;8,72;-2,17;0,00;0,00;1441,30
53;10.07.2022 13:00:00;8,99;-2,11;0,00;0,00;1442,40
54;10.07.2022 14:00:00;9,12;-2,17;0,00;0,00;1442,94
55;10.07.2022 15:00:00;9,19;-2,17;0,00;0,00;1443,21
56;10.07.2022 16:00:00;9,32;-2,23;0,00;0,00;1443,75
57;10.07.2022 17:00:00;9,22;-2,29;0,00;0,00;1443,35
58;10.07.2022 18:00:00;9,45;-2,34;0,00;0,00;1444,28
59;10.07.2022 19:00:00;8,48;-2,29;0,00;0,00;1440,33
60;10.07.2022 20:00:00;7,87;-2,34;0,00;0,00;1437,80
61;10.07.2022 21:00:00;8,45;-2,34;0,00;0,00;1440,19
62;10.07.2022 22:00:00;8,31;-2,34;0,00;0,00;1439,64
63;10.07.2022 23:00:00;8,34;-2,34;0,00;0,00;1439,78
64;11.07.2022 00:00:00;8,68;-2,34;0,00;0,00;1441,16
65;11.07.2022 01:00:00;8,62;-2,40;0,00;0,00;1440,89
66;11.07.2022 02:00:00;8,68;-2,40;0,00;0,00;1441,16
67;11.07.2022 03:00:00;8,51;-2,34;0,00;0,00;1440,47
68;11.07.2022 04:00:00;8,41;-2,40;0,00;0,00;1440,05
69;11.07.2022 05:00:00;8,34;-2,34;0,00;0,00;1439,78
70;11.07.2022 06:00:00;8,41;-2,34;0,00;0,00;1440,05
71;11.07.2022 07:00:00;8,38;-2,29;0,00;0,00;1439,92
72;11.07.2022 08:00:00;8,48;-2,23;0,00;0,00;1440,33
73;11.07.2022 09:00:00;8,58;-2,11;0,00;0,00;1440,75
74;11.07.2022 10:00:00;8,62;-2,17;0,00;0,00;1440,89
75;11.07.2022 11:00:00;8,85;-2,05;0,00;0,00;1441,85
76;11.07.2022 12:00:00;9,09;-2,11;0,00;0,00;1442,81
77;11.07.2022 13:00:00;9,29;-2,05;0,00;0,00;1443,62
78;11.07.2022 14:00:00;8,78;-2,11;0,00;0,00;1441,58
79;11.07.2022 15:00:00;8,51;-2,05;0,00;0,00;1440,48
80;11.07.2022 16:00:00;8,92;-2,11;0,00;0,00;1442,13
81;11.07.2022 17:00:00;9,39;-2,17;0,00;0,00;1444,02
82;11.07.2022 18:00:00;9,75;-2,23;0,01;0,00;1445,48
83;11.07.2022 19:00:00;9,72;-2,23;0,01;0,00;1445,35
84;11.07.2022 20:00:00;9,82;-2,17;0,01;0,00;1445,75
85;11.07.2022 21:00:00;9,19;-2,17;0,00;0,00;1443,21
86;11.07.2022 22:00:00;9,62;-2,23;0,01;0,00;1444,95
87;11.07.2022 23:00:00;9,49;-2,17;0,00;0,00;1444,42
88;12.07.2022 00:00:00;9,45;-2,29;0,00;0,00;1444,29
89;12.07.2022 01:00:00;9,45;-2,29;0,00;0,00;1444,29
90;12.07.2022 02:00:00;9,19;-2,29;0,00;0,00;1443,21
91;12.07.2022 03:00:00;9,15;-2,29;0,00;0,00;1443,08
92;12.07.2022 04:00:00;8,82;-2,40;0,00;0,00;1441,71
93;12.07.2022 05:00:00;8,85;-2,40;0,00;0,00;1441,85
94;12.07.2022 06:00:00;8,62;-2,46;0,00;0,00;1440,89
95;12.07.2022 07:00:00;7,76;-2,40;0,00;0,00;1437,37
96;12.07.2022 08:00:00;8,00;-2,40;0,00;0,00;1438,37
97;12.07.2022 09:00:00;8,31;-2,29;0,00;0,00;1439,64
98;12.07.2022 10:00:00;8,34;-2,29;0,00;0,00;1439,78
99;12.07.2022 11:00:00;8,34;-2,23;0,00;0,00;1439,78
100;12.07.2022 12:00:00;8,11;-2,17;0,00;0,00;1438,80
101;12.07.2022 13:00:00;8,07;-2,17;0,00;0,00;1438,65
102;12.07.2022 14:00:00;7,97;-2,11;0,00;0,00;1438,23
103;12.07.2022 15:00:00;7,45;-2,11;0,00;0,00;1436,08
104;12.07.2022 16:00:00;7,63;-2,17;0,00;0,00;1436,80
105;12.07.2022 17:00:00;7,49;-2,23;0,00;0,00;1436,22
106;12.07.2022 18:00:00;7,97;-2,23;0,00;0,00;1438,23
107;12.07.2022 19:00:00;7,73;-2,29;0,00;0,00;1437,23
108;12.07.2022 20:00:00;7,70;-2,29;0,00;0,00;1437,09
109;12.07.2022 21:00:00;7,83;-2,23;0,00;0,00;1437,66
110;12.07.2022 22:00:00;7,70;-2,23;0,00;0,00;1437,09
111;12.07.2022 23:00:00;7,56;-2,17;0,00;0,00;1436,51
112;13.07.2022 00:00:00;7,18;-2,17;0,00;0,00;1434,91
113;13.07.2022 01:00:00;7,39;-2,23;0,00;0,00;1435,79
114;13.07.2022 02:00:00;7,18;-2,29;0,00;0,00;1434,91
115;13.07.2022 03:00:00;7,28;-2,23;0,00;0,00;1435,35
116;13.07.2022 04:00:00;7,32;-2,29;0,00;0,00;1435,49
117;13.07.2022 05:00:00;7,14;-2,40;0,00;0,00;1434,76
118;13.07.2022 06:00:00;6,97;-2,34;0,00;0,00;1434,02
119;13.07.2022 07:00:00;6,65;-2,34;0,00;0,00;1432,68
120;13.07.2022 08:00:00;6,51;-2,40;0,00;0,00;1432,08
121;13.07.2022 09:00:00;6,44;-2,34;0,00;0,00;1431,78
122;13.07.2022 10:00:00;6,44;-2,29;0,00;0,00;1431,78
123;13.07.2022 11:00:00;6,58;-2,17;0,00;0,00;1432,39
124;13.07.2022 12:00:00;6,65;-2,17;0,00;0,00;1432,69
125;13.07.2022 13:00:00;6,58;-2,05;0,00;0,00;1432,39
126;13.07.2022 14:00:00;6,58;-2,05;0,00;0,00;1432,39
127;13.07.2022 15:00:00;6,65;-2,05;0,00;0,00;1432,69
128;13.07.2022 16:00:00;6,65;-2,11;0,00;0,00;1432,69
129;13.07.2022 17:00:00;6,51;-2,23;0,00;0,00;1432,09
130;13.07.2022 18:00:00;6,27;-2,11;0,00;0,00;1431,03
131;13.07.2022 19:00:00;6,30;-2,23;0,00;0,00;1431,18
132;13.07.2022 20:00:00;6,23;-2,17;0,00;0,00;1430,87
133;13.07.2022 21:00:00;6,05;-2,17;0,00;0,00;1430,11
134;13.07.2022 22:00:00;5,95;-2,17;0,00;0,00;1429,64
135;13.07.2022 23:00:00;5,98;-2,11;0,00;0,00;1429,80
136;14.07.2022 00:00:00;5,91;-2,17;0,00;0,00;1429,49
137;14.07.2022 01:00:00;5,84;-2,23;0,00;0,00;1429,18
138;14.07.2022 02:00:00;6,02;-2,11;0,00;0,00;1429,95
139;14.07.2022 03:00:00;6,27;-2,05;0,00;0,00;1431,03
140;14.07.2022 04:00:00;5,81;-2,17;0,00;0,00;1429,02
141;14.07.2022 05:00:00;5,77;-2,23;0,00;0,00;1428,87
142;14.07.2022 06:00:00;5,73;-2,23;0,00;0,00;1428,71
143;14.07.2022 07:00:00;5,45;-2,29;0,00;0,00;1427,46
144;14.07.2022 08:00:00;5,48;-2,29;0,00;0,00;1427,61
145;14.07.2022 09:00:00;5,16;-2,34;0,00;0,00;1426,19
146;14.07.2022 10:00:00;5,27;-2,17;0,00;0,00;1426,67
147;14.07.2022 11:00:00;5,38;-2,11;0,00;0,00;1427,14
148;14.07.2022 12:00:00;5,45;-2,11;0,00;0,00;1427,46
149;14.07.2022 13:00:00;5,81;-2,05;0,00;0,00;1429,03
150;14.07.2022 14:00:00;5,98;-2,00;0,00;0,00;1429,80
151;14.07.2022 15:00:00;6,02;-2,05;0,00;0,00;1429,95
152;14.07.2022 16:00:00;6,13;-2,05;0,00;0,00;1430,42
153;14.07.2022 17:00:00;6,09;-2,17;0,00;0,00;1430,26
154;14.07.2022 18:00:00;6,41;-2,17;0,00;0,00;1431,63
155;14.07.2022 19:00:00;6,86;-2,17;0,00;0,00;1433,58
156;14.07.2022 20:00:00;6,86;-2,23;0,00;0,00;1433,58
157;14.07.2022 21:00:00;6,97;-2,17;0,00;0,00;1434,03
158;14.07.2022 22:00:00;6,86;-2,17;0,00;0,00;1433,58
159;14.07.2022 23:00:00;6,65;-2,17;0,00;0,00;1432,69
160;15.07.2022 00:00:00;6,58;-2,17;0,00;0,00;1432,39
161;15.07.2022 01:00:00;6,48;-2,17;0,00;0,00;1431,94
162;15.07.2022 02:00:00;6,41;-2,17;0,00;0,00;1431,63
163;15.07.2022 03:00:00;6,20;-2,11;0,00;0,00;1430,72
164;15.07.2022 04:00:00;5,98;-2,23;0,00;0,00;1429,80
165;15.07.2022 05:00:00;5,70;-2,29;0,00;0,00;1428,56
166;15.07.2022 06:00:00;5,66;-2,29;0,00;0,00;1428,40
167;15.07.2022 07:00:00;5,59;-2,34;0,00;0,00;1428,09
168;15.07.2022 08:00:00;5,48;-2,40;0,00;0,00;1427,61
169;15.07.2022 09:00:00;5,52;-2,34;0,00;0,00;1427,77
170;15.07.2022 10:00:00;5,63;-2,29;0,00;0,00;1428,24
171;15.07.2022 11:00:00;5,77;-2,23;0,00;0,00;1428,87
172;15.07.2022 12:00:00;5,88;-2,17;0,00;0,00;1429,33
173;15.07.2022 13:00:00;6,09;-2,11;0,00;0,00;1430,26
174;15.07.2022 14:00:00;6,20;-2,05;0,00;0,00;1430,72
175;15.07.2022 15:00:00;6,34;-2,05;0,00;0,00;1431,33
176;15.07.2022 16:00:00;6,55;-2,05;0,00;0,00;1432,24
177;15.07.2022 17:00:00;6,76;-2,11;0,00;0,00;1433,14
178;15.07.2022 18:00:00;7,11;-2,17;0,00;0,00;1434,62
179;15.07.2022 19:00:00;6,97;-2,17;0,00;0,00;1434,03
180;15.07.2022 20:00:00;7,25;-2,17;0,00;0,00;1435,20
181;15.07.2022 21:00:00;7,21;-2,17;0,00;0,00;1435,06
182;15.07.2022 22:00:00;7,21;-2,17;0,00;0,00;1435,06
183;15.07.2022 23:00:00;7,04;-2,23;0,00;0,00;1434,32
184;16.07.2022 00:00:00;6,65;-2,17;0,00;0,00;1432,69
185;16.07.2022 01:00:00;6,58;-2,11;0,00;0,00;1432,39
186;16.07.2022 02:00:00;6,48;-2,17;0,00;0,00;1431,94
187;16.07.2022 03:00:00;6,55;-2,11;0,00;0,00;1432,24
188;16.07.2022 04:00:00;6,37;-2,23;0,00;0,00;1431,48
189;16.07.2022 05:00:00;6,30;-2,29;0,00;0,00;1431,18
190;16.07.2022 06:00:00;6,16;-2,29;0,00;0,00;1430,56
191;16.07.2022 07:00:00;6,02;-2,34;0,00;0,00;1429,95
192;16.07.2022 08:00:00;5,88;-2,40;0,00;0,00;1429,33
193;16.07.2022 09:00:00;5,77;-2,46;0,00;0,00;1428,86
194;16.07.2022 10:00:00;5,81;-2,46;0,00;0,00;1429,02
195;16.07.2022 11:00:00;5,95;-2,40;0,00;0,00;1429,64
196;16.07.2022 12:00:00;5,95;-2,34;0,00;0,00;1429,64
197;16.07.2022 13:00:00;6,02;-2,34;0,00;0,00;1429,95
198;16.07.2022 14:00:00;5,81;-2,34;0,00;0,00;1429,02
199;16.07.2022 15:00:00;5,73;-2,29;0,00;0,00;1428,71
200;16.07.2022 16:00:00;5,59;-2,29;0,00;0,00;1428,09
201;16.07.2022 17:00:00;5,56;-2,34;0,00;0,00;1427,93
202;16.07.2022 18:00:00;5,30;-2,34;0,00;0,00;1426,82
203;16.07.2022 19:00:00;5,05;-2,34;0,00;0,00;1425,70
204;16.07.2022 20:00:00;5,09;-2,29;0,00;0,00;1425,87
205;16.07.2022 21:00:00;3,54;-2,23;0,00;0,00;1418,90
206;16.07.2022 22:00:00;3,62;-2,34;0,00;0,00;1419,24
207;16.07.2022 23:00:00;3,32;-2,40;0,00;0,00;1417,87
208;17.07.2022 00:00:00;3,73;-2,40;0,00;0,00;1419,75
209;17.07.2022 01:00:00;4,69;-2,17;0,00;0,00;1424,09
210;17.07.2022 02:00:00;4,25;-1,94;0,00;0,00;1422,12
211;17.07.2022 03:00:00;5,12;-2,11;0,00;0,00;1426,03
212;17.07.2022 04:00:00;4,69;-2,17;0,00;0,00;1424,09
213;17.07.2022 05:00:00;3,95;-2,17;0,00;0,00;1420,77
214;17.07.2022 06:00:00;1,90;-2,29;0,00;0,00;1411,25
215;17.07.2022 07:00:00;0,76;-2,29;0,00;0,00;1405,76
216;17.07.2022 08:00:00;1,24;-2,29;0,00;0,00;1408,07
217;17.07.2022 09:00:00;1,43;-2,29;0,00;0,00;1409,01
218;17.07.2022 10:00:00;4,21;-2,34;0,00;0,00;1421,94
219;17.07.2022 11:00:00;5,02;-2,29;0,00;0,00;1425,55
220;17.07.2022 12:00:00;5,59;-2,23;0,00;0,00;1428,09
221;17.07.2022 13:00:00;5,70;-2,29;0,00;0,00;1428,56
222;17.07.2022 14:00:00;5,70;-2,29;0,00;0,00;1428,56
223;17.07.2022 15:00:00;5,88;-2,17;0,00;0,00;1429,33
224;17.07.2022 16:00:00;6,09;-2,23;0,00;0,00;1430,26
225;17.07.2022 17:00:00;6,16;-2,17;0,00;0,00;1430,57
226;17.07.2022 18:00:00;6,27;-2,11;0,00;0,00;1431,03
227;17.07.2022 19:00:00;6,27;-2,17;0,00;0,00;1431,03
228;17.07.2022 20:00:00;6,23;-2,23;0,00;0,00;1430,87
229;17.07.2022 21:00:00;6,02;-2,29;0,00;0,00;1429,95
230;17.07.2022 22:00:00;5,02;-2,29;0,00;0,00;1425,55
231;17.07.2022 23:00:00;6,44;-2,23;0,00;0,00;1431,78
232;18.07.2022 00:00:00;6,41;-2,23;0,00;0,00;1431,63
233;18.07.2022 01:00:00;6,30;-2,23;0,00;0,00;1431,18
234;18.07.2022 02:00:00;6,16;-2,17;0,00;0,00;1430,57
235;18.07.2022 03:00:00;6,16;-2,11;0,00;0,00;1430,57
236;18.07.2022 04:00:00;6,05;-2,11;0,00;0,00;1430,11
237;18.07.2022 05:00:00;5,98;-2,11;0,00;0,00;1429,80
238;18.07.2022 06:00:00;5,52;-2,17;0,00;0,00;1427,77
239;18.07.2022 07:00:00;5,38;-2,23;0,00;0,00;1427,14
240;18.07.2022 08:00:00;5,30;-2,29;0,00;0,00;1426,82
241;18.07.2022 09:00:00;5,27;-2,23;0,00;0,00;1426,67
242;18.07.2022 10:00:00;5,48;-2,34;0,00;0,00;1427,61
243;18.07.2022 11:00:00;5,52;-2,40;0,00;0,00;1427,77
244;18.07.2022 12:00:00;6,20;-2,23;0,00;0,00;1430,72
245;18.07.2022 13:00:00;6,58;-2,11;0,00;0,00;1432,39
246;18.07.2022 14:00:00;6,58;-2,11;0,00;0,00;1432,39
247;18.07.2022 15:00:00;6,90;-2,11;0,00;0,00;1433,73
248;18.07.2022 16:00:00;7,04;-2,17;0,00;0,00;1434,32
249;18.07.2022 17:00:00;6,37;-2,17;0,00;0,00;1431,48
250;18.07.2022 18:00:00;7,14;-2,11;0,00;0,00;1434,77
251;18.07.2022 19:00:00;5,38;-2,23;0,00;0,00;1427,14
252;18.07.2022 20:00:00;6,09;-2,17;0,00;0,00;1430,26
253;18.07.2022 21:00:00;5,77;-2,17;0,00;0,00;1428,87
254;18.07.2022 22:00:00;6,37;-2,17;0,00;0,00;1431,48
255;18.07.2022 23:00:00;7,21;-2,00;0,00;0,00;1435,06
256;19.07.2022 00:00:00;7,18;-2,05;0,00;0,00;1434,91
257;19.07.2022 01:00:00;7,14;-2,11;0,00;0,00;1434,77
258;19.07.2022 02:00:00;6,44;-2,05;0,00;0,00;1431,79
259;19.07.2022 03:00:00;6,23;-1,94;0,00;0,00;1430,88
260;19.07.2022 04:00:00;6,27;-1,88;0,00;0,00;1431,03
261;19.07.2022 05:00:00;6,30;-1,88;0,00;0,00;1431,18
262;19.07.2022 06:00:00;6,34;-1,88;0,00;0,00;1431,33
263;19.07.2022 07:00:00;6,16;-1,94;0,00;0,00;1430,57
264;19.07.2022 08:00:00;6,27;-1,94;0,00;0,00;1431,03
265;19.07.2022 09:00:00;6,72;-2,05;0,00;0,00;1432,99
266;19.07.2022 10:00:00;7,39;-2,00;0,00;0,00;1435,79
267;19.07.2022 11:00:00;7,94;-2,00;0,00;0,00;1438,09
268;19.07.2022 12:00:00;7,90;-2,05;0,00;0,00;1437,95
269;19.07.2022 13:00:00;7,97;-2,11;0,00;0,00;1438,23
270;19.07.2022 14:00:00;7,70;-2,00;0,00;0,00;1437,09
271;19.07.2022 15:00:00;7,25;-2,11;0,00;0,00;1435,21
272;19.07.2022 16:00:00;6,90;-2,11;0,00;0,00;1433,73
273;19.07.2022 17:00:00;7,00;-2,17;0,00;0,00;1434,18
274;19.07.2022 18:00:00;7,25;-2,11;0,00;0,00;1435,21
275;19.07.2022 19:00:00;7,35;-2,17;0,00;0,00;1435,64
276;19.07.2022 20:00:00;7,35;-2,29;0,00;0,00;1435,64
277;19.07.2022 21:00:00;7,35;-2,29;0,00;0,00;1435,64
278;19.07.2022 22:00:00;7,25;-2,29;0,00;0,00;1435,20
279;19.07.2022 23:00:00;7,14;-2,34;0,00;0,00;1434,76
280;20.07.2022 00:00:00;7,11;-2,34;0,00;0,00;1434,61
281;20.07.2022 01:00:00;7,07;-2,34;0,00;0,00;1434,47
282;20.07.2022 02:00:00;6,90;-2,29;0,00;0,00;1433,73
283;20.07.2022 03:00:00;6,27;-2,23;0,00;0,00;1431,02
284;20.07.2022 04:00:00;5,70;-2,23;0,00;0,00;1428,56
285;20.07.2022 05:00:00;5,70;-2,23;0,00;0,00;1428,56
286;20.07.2022 06:00:00;6,09;-2,23;0,00;0,00;1430,26
287;20.07.2022 07:00:00;6,02;-2,23;0,00;0,00;1429,95
288;20.07.2022 08:00:00;6,02;-2,23;0,00;0,00;1429,95
289;20.07.2022 09:00:00;6,20;-2,29;0,00;0,00;1430,72
290;20.07.2022 10:00:00;6,44;-2,23;0,00;0,00;1431,78
291;20.07.2022 11:00:00;7,04;-2,29;0,00;0,00;1434,32
292;20.07.2022 12:00:00;7,63;-2,23;0,00;0,00;1436,80
293;20.07.2022 13:00:00;7,73;-2,23;0,00;0,00;1437,23
294;20.07.2022 14:00:00;8,31;-2,17;0,00;0,00;1439,64
295;20.07.2022 15:00:00;8,34;-2,23;0,00;0,00;1439,78
296;20.07.2022 16:00:00;8,51;-2,05;0,00;0,00;1440,48
297;20.07.2022 17:00:00;8,62;-2,05;0,00;0,00;1440,89
298;20.07.2022 18:00:00;8,95;-2,00;0,00;0,00;1442,27
299;20.07.2022 19:00:00;9,05;-2,05;0,00;0,00;1442,67
300;20.07.2022 20:00:00;9,12;-2,11;0,00;0,00;1442,94
301;20.07.2022 21:00:00;9,25;-2,11;0,00;0,00;1443,48
302;20.07.2022 22:00:00;9,12;-2,17;0,00;0,00;1442,94
303;20.07.2022 23:00:00;8,99;-2,11;0,00;0,00;1442,40
304;21.07.2022 00:00:00;8,75;-2,23;0,00;0,00;1441,44
305;21.07.2022 01:00:00;8,45;-2,17;0,00;0,00;1440,20
306;21.07.2022 02:00:00;8,62;-2,17;0,00;0,00;1440,89
307;21.07.2022 03:00:00;7,80;-2,23;0,00;0,00;1437,52
308;21.07.2022 04:00:00;7,66;-2,17;0,00;0,00;1436,94
309;21.07.2022 05:00:00;7,49;-2,23;0,00;0,00;1436,22
310;21.07.2022 06:00:00;7,35;-2,23;0,00;0,00;1435,64
311;21.07.2022 07:00:00;7,56;-2,17;0,00;0,00;1436,51
312;21.07.2022 08:00:00;7,32;-2,23;0,00;0,00;1435,50
313;21.07.2022 09:00:00;7,32;-2,17;0,00;0,00;1435,50
314;21.07.2022 10:00:00;7,39;-2,29;0,00;0,00;1435,79
315;21.07.2022 11:00:00;7,76;-2,29;0,00;0,00;1437,37
316;21.07.2022 12:00:00;7,97;-2,29;0,00;0,00;1438,23
317;21.07.2022 13:00:00;8,28;-2,29;0,00;0,00;1439,50
318;21.07.2022 14:00:00;8,62;-2,29;0,00;0,00;1440,89
319;21.07.2022 15:00:00;8,85;-2,23;0,00;0,00;1441,85
320;21.07.2022 16:00:00;9,02;-2,23;0,00;0,00;1442,53
321;21.07.2022 17:00:00;8,99;-2,23;0,00;0,00;1442,40
322;21.07.2022 18:00:00;9,05;-2,23;0,00;0,00;1442,67
323;21.07.2022 19:00:00;9,12;-2,29;0,00;0,00;1442,94
324;21.07.2022 20:00:00;8,78;-2,29;0,00;0,00;1441,58
325;21.07.2022 21:00:00;8,82;-2,29;0,00;0,00;1441,71
326;21.07.2022 22:00:00;8,62;-2,40;0,00;0,00;1440,89
327;21.07.2022 23:00:00;8,62;-2,40;0,00;0,00;1440,89
328;22.07.2022 00:00:00;8,48;-2,46;0,00;0,00;1440,33
329;22.07.2022 01:00:00;8,24;-2,52;0,00;0,00;1439,35
330;22.07.2022 02:00:00;8,00;-2,46;0,00;0,00;1438,37
331;22.07.2022 03:00:00;8,00;-2,46;0,00;0,00;1438,37
332;22.07.2022 04:00:00;7,70;-2,46;0,00;0,00;1437,08
333;22.07.2022 05:00:00;7,80;-2,46;0,00;0,00;1437,51
334;22.07.2022 06:00:00;6,41;-2,52;0,00;0,00;1431,63
335;22.07.2022 07:00:00;7,07;-2,40;0,00;0,00;1434,47
336;22.07.2022 08:00:00;6,97;-2,34;0,00;0,00;1434,02
337;22.07.2022 09:00:00;7,04;-2,34;0,00;0,00;1434,32
338;22.07.2022 10:00:00;7,00;-2,40;0,00;0,00;1434,17
339;22.07.2022 11:00:00;7,00;-2,40;0,00;0,00;1434,17
340;22.07.2022 12:00:00;6,44;-2,40;0,00;0,00;1431,78
341;22.07.2022 13:00:00;5,56;-2,40;0,00;0,00;1427,93
342;22.07.2022 14:00:00;5,88;-2,40;0,00;0,00;1429,33
343;22.07.2022 15:00:00;6,65;-2,40;0,00;0,00;1432,68
344;22.07.2022 16:00:00;5,41;-2,40;0,00;0,00;1427,30
345;22.07.2022 17:00:00;5,73;-2,40;0,00;0,00;1428,71
346;22.07.2022 18:00:00;6,02;-2,34;0,00;0,00;1429,95
347;22.07.2022 19:00:00;6,27;-2,23;0,00;0,00;1431,02
348;22.07.2022 20:00:00;6,05;-2,29;0,00;0,00;1430,10
349;22.07.2022 21:00:00;6,16;-2,29;0,00;0,00;1430,56
350;22.07.2022 22:00:00;5,95;-2,23;0,00;0,00;1429,64
351;22.07.2022 23:00:00;5,70;-2,34;0,00;0,00;1428,55
352;23.07.2022 00:00:00;5,63;-2,29;0,00;0,00;1428,24
353;23.07.2022 01:00:00;5,52;-2,34;0,00;0,00;1427,77
354;23.07.2022 02:00:00;5,48;-2,34;0,00;0,00;1427,61
355;23.07.2022 03:00:00;5,48;-2,34;0,00;0,00;1427,61
356;23.07.2022 04:00:00;5,48;-2,29;0,00;0,00;1427,61
357;23.07.2022 05:00:00;5,66;-2,23;0,00;0,00;1428,40
358;23.07.2022 06:00:00;5,45;-2,23;0,00;0,00;1427,46
359;23.07.2022 07:00:00;5,56;-2,23;0,00;0,00;1427,93
360;23.07.2022 08:00:00;5,38;-2,40;0,00;0,00;1427,14
361;23.07.2022 09:00:00;5,34;-2,34;0,00;0,00;1426,98
362;23.07.2022 10:00:00;4,32;-2,40;8,87;9,31;1433,93
363;23.07.2022 11:00:00;4,98;-2,40;6,32;6,92;1433,52
364;23.07.2022 12:00:00;4,94;-2,34;7,88;8,50;1435,38
365;23.07.2022 13:00:00;4,87;-2,46;4,13;4,63;1430,22
366;23.07.2022 14:00:00;5,30;-2,34;0,00;0,00;1426,82
367;23.07.2022 15:00:00;6,05;-2,40;0,00;0,00;1430,10
368;23.07.2022 16:00:00;6,27;-2,40;0,00;0,00;1431,02
369;23.07.2022 17:00:00;5,95;-2,40;0,00;0,00;1429,64
370;23.07.2022 18:00:00;6,02;-2,46;0,00;0,00;1429,95
371;23.07.2022 19:00:00;6,27;-2,40;0,00;0,00;1431,02
372;23.07.2022 20:00:00;5,05;-2,52;0,00;0,00;1425,70
373;23.07.2022 21:00:00;5,02;-2,52;8,84;9,47;1436,93
374;23.07.2022 22:00:00;4,98;-2,52;7,56;8,18;1435,12
375;23.07.2022 23:00:00;4,61;-2,52;9,62;10,13;1436,19
376;24.07.2022 00:00:00;5,30;-2,52;0,08;0,11;1426,92
377;24.07.2022 01:00:00;5,16;-2,52;4,92;5,51;1432,51
378;24.07.2022 02:00:00;5,63;-2,52;0,00;0,00;1428,24
379;24.07.2022 03:00:00;5,73;-2,58;0,00;0,00;1428,71
380;24.07.2022 04:00:00;5,77;-2,58;0,00;0,00;1428,86
381;24.07.2022 05:00:00;5,48;-2,58;0,00;0,00;1427,61
382;24.07.2022 06:00:00;5,20;-2,52;0,00;0,00;1426,34
383;24.07.2022 07:00:00;5,02;-2,58;0,70;0,86;1426,43
384;24.07.2022 08:00:00;5,38;-2,52;0,00;0,00;1427,14
385;24.07.2022 09:00:00;5,48;-2,46;0,00;0,00;1427,61
386;24.07.2022 10:00:00;5,52;-2,46;0,00;0,00;1427,77
387;24.07.2022 11:00:00;5,70;-2,40;0,00;0,00;1428,55
388;24.07.2022 12:00:00;5,66;-2,40;0,00;0,00;1428,40
389;24.07.2022 13:00:00;5,88;-2,34;0,00;0,00;1429,33
390;24.07.2022 14:00:00;6,05;-2,40;0,00;0,00;1430,10
391;24.07.2022 15:00:00;6,83;-2,46;0,00;0,00;1433,43
392;24.07.2022 16:00:00;7,49;-2,46;0,00;0,00;1436,22
393;24.07.2022 17:00:00;7,70;-2,34;0,00;0,00;1437,08
394;24.07.2022 18:00:00;7,56;-2,40;0,00;0,00;1436,51
395;24.07.2022 19:00:00;7,83;-2,40;0,00;0,00;1437,66
396;24.07.2022 20:00:00;7,42;-2,40;0,00;0,00;1435,93
397;24.07.2022 21:00:00;7,32;-2,40;0,00;0,00;1435,49
398;24.07.2022 22:00:00;7,00;-2,40;0,00;0,00;1434,17
399;24.07.2022 23:00:00;6,20;-2,52;6,61;7,47;1439,15
400;25.07.2022 00:00:00;6,27;-2,52;4,36;5,07;1436,57
401;25.07.2022 01:00:00;6,65;-2,58;4,37;5,13;1438,23
402;25.07.2022 02:00:00;6,58;-2,52;3,40;4,06;1436,71
403;25.07.2022 03:00:00;6,30;-2,69;5,29;6,08;1437,91
404;25.07.2022 04:00:00;6,27;-2,64;1,17;1,47;1432,51
405;25.07.2022 05:00:00;6,13;-2,75;0,00;0,00;1430,40
406;25.07.2022 06:00:00;5,98;-2,69;0,00;0,00;1429,79
407;25.07.2022 07:00:00;5,84;-2,75;0,00;0,00;1429,17
408;25.07.2022 08:00:00;5,81;-2,69;0,00;0,00;1429,02
409;25.07.2022 09:00:00;5,84;-2,69;0,00;0,00;1429,17
410;25.07.2022 10:00:00;5,84;-2,75;0,00;0,00;1429,17
411;25.07.2022 11:00:00;5,98;-2,69;0,00;0,00;1429,79
412;25.07.2022 12:00:00;6,13;-2,64;0,00;0,00;1430,41
413;25.07.2022 13:00:00;6,27;-2,69;0,00;0,00;1431,02
414;25.07.2022 14:00:00;6,44;-2,75;0,00;0,00;1431,77
415;25.07.2022 15:00:00;6,58;-2,69;0,00;0,00;1432,38
416;25.07.2022 16:00:00;6,65;-2,58;0,00;0,00;1432,68
417;25.07.2022 17:00:00;6,86;-2,69;0,00;0,00;1433,57
418;25.07.2022 18:00:00;6,83;-2,87;0,00;0,00;1433,42
419;25.07.2022 19:00:00;6,76;-2,75;0,00;0,00;1433,13
420;25.07.2022 20:00:00;6,58;-2,93;0,00;0,00;1432,37
421;25.07.2022 21:00:00;6,44;-2,81;0,00;0,00;1431,77
422;25.07.2022 22:00:00;6,30;-2,87;0,00;0,00;1431,17
423;25.07.2022 23:00:00;6,16;-2,93;0,00;0,00;1430,55
424;26.07.2022 00:00:00;5,98;-2,81;0,00;0,00;1429,79
425;26.07.2022 01:00:00;5,91;-2,75;0,00;0,00;1429,48
426;26.07.2022 02:00:00;5,81;-2,98;0,00;0,00;1429,01
427;26.07.2022 03:00:00;5,48;-2,98;0,00;0,00;1427,60
428;26.07.2022 04:00:00;5,59;-3,04;0,00;0,00;1428,07
429;26.07.2022 05:00:00;5,48;-2,98;0,00;0,00;1427,60
430;26.07.2022 06:00:00;5,59;-2,98;0,00;0,00;1428,07
431;26.07.2022 07:00:00;5,45;-2,98;0,00;0,00;1427,45
432;26.07.2022 08:00:00;5,41;-3,04;0,00;0,00;1427,29
433;26.07.2022 09:00:00;5,77;-2,93;10,26;11,11;1442,00
434;26.07.2022 10:00:00;5,59;-2,87;12,38;13,15;1443,96
435;26.07.2022 11:00:00;5,09;-2,93;15,21;15,67;1445,44
436;26.07.2022 12:00:00;3,91;-2,87;18,26;17,95;1444,33
437;26.07.2022 13:00:00;4,54;-2,75;18,46;18,45;1447,30
438;26.07.2022 14:00:00;4,83;-2,75;18,67;18,80;1448,82
439;26.07.2022 15:00:00;5,09;-2,81;18,86;19,10;1450,14
440;26.07.2022 16:00:00;5,45;-2,81;18,98;19,40;1451,82
441;26.07.2022 17:00:00;5,66;-2,81;18,93;19,48;1452,66
442;26.07.2022 18:00:00;6,48;-2,81;15,28;16,35;1451,39
443;26.07.2022 19:00:00;7,28;-2,75;12,38;13,76;1451,01
444;26.07.2022 20:00:00;7,73;-2,69;10,26;11,71;1450,16
445;26.07.2022 21:00:00;7,73;-2,58;9,82;11,24;1449,60
446;26.07.2022 22:00:00;7,42;-2,52;10,28;11,63;1448,92
447;26.07.2022 23:00:00;7,11;-2,58;10,46;11,72;1447,86
448;27.07.2022 00:00:00;6,83;-2,52;10,46;11,63;1446,71
449;27.07.2022 01:00:00;6,51;-2,40;10,23;11,30;1445,11
450;27.07.2022 02:00:00;6,34;-2,34;10,06;11,07;1444,14
451;27.07.2022 03:00:00;6,30;-2,29;9,32;10,30;1443,06
452;27.07.2022 04:00:00;5,81;-2,29;12,16;13,01;1444,59
453;27.07.2022 05:00:00;5,63;-2,23;13,06;13,82;1444,98
454;27.07.2022 06:00:00;5,81;-2,29;12,12;12,97;1444,54
455;27.07.2022 07:00:00;5,73;-2,17;11,78;12,61;1443,81
456;27.07.2022 08:00:00;5,66;-2,11;11,46;12,27;1443,09
457;27.07.2022 09:00:00;5,56;-2,11;10,94;11,71;1441,96
458;27.07.2022 10:00:00;5,52;-2,17;10,63;11,40;1441,42
459;27.07.2022 11:00:00;5,63;-2,17;10,60;11,40;1441,83
460;27.07.2022 12:00:00;5,63;-2,05;10,32;11,12;1441,48
461;27.07.2022 13:00:00;5,56;-2,05;10,04;10,82;1440,81
462;27.07.2022 14:00:00;5,30;-2,00;10,27;10,97;1440,02
463;27.07.2022 15:00:00;5,20;-2,11;10,45;11,11;1439,79
464;27.07.2022 16:00:00;5,09;-2,11;10,35;10,99;1439,20
465;27.07.2022 17:00:00;5,02;-2,11;10,15;10,77;1438,63
466;27.07.2022 18:00:00;5,05;-2,11;9,33;9,96;1437,72
467;27.07.2022 19:00:00;4,72;-2,17;7,66;8,23;1434,15
468;27.07.2022 20:00:00;4,69;-2,17;6,19;6,73;1432,08
469;27.07.2022 21:00:00;4,47;-2,23;5,23;5,71;1429,87
470;27.07.2022 22:00:00;4,32;-2,17;3,82;4,24;1427,39
471;27.07.2022 23:00:00;4,25;-2,11;3,65;4,06;1426,84
472;28.07.2022 00:00:00;4,14;-2,17;2,99;3,35;1425,49
473;28.07.2022 01:00:00;4,10;-2,17;2,36;2,68;1424,51
474;28.07.2022 02:00:00;3,91;-2,23;2,33;2,64;1423,64
475;28.07.2022 03:00:00;3,80;-2,23;1,75;2,00;1422,37
476;28.07.2022 04:00:00;3,77;-2,29;1,88;2,14;1422,37
477;28.07.2022 05:00:00;3,47;-2,34;0,96;1,12;1419,81
478;28.07.2022 06:00:00;3,24;-2,40;0,00;0,00;1417,52
479;28.07.2022 07:00:00;3,17;-2,46;0,00;0,00;1417,17
480;28.07.2022 08:00:00;3,05;-2,29;0,00;0,00;1416,65
481;28.07.2022 09:00:00;3,24;-2,29;0,00;0,00;1417,52
482;28.07.2022 10:00:00;3,17;-2,29;0,00;0,00;1417,17
483;28.07.2022 11:00:00;3,35;-2,23;0,00;0,00;1418,04
484;28.07.2022 12:00:00;3,39;-2,23;0,00;0,00;1418,22
485;28.07.2022 13:00:00;3,39;-2,17;0,00;0,00;1418,22
486;28.07.2022 14:00:00;3,43;-2,11;0,00;0,00;1418,39
487;28.07.2022 15:00:00;3,47;-2,11;0,00;0,00;1418,56
488;28.07.2022 16:00:00;3,47;-2,17;0,00;0,00;1418,56
489;28.07.2022 17:00:00;3,54;-2,17;0,00;0,00;1418,90
490;28.07.2022 18:00:00;3,47;-2,17;0,00;0,00;1418,56
491;28.07.2022 19:00:00;3,50;-2,34;0,00;0,00;1418,73
492;28.07.2022 20:00:00;3,50;-2,34;0,00;0,00;1418,73
493;28.07.2022 21:00:00;3,39;-2,40;0,00;0,00;1418,21
494;28.07.2022 22:00:00;3,39;-2,40;0,00;0,00;1418,21
495;28.07.2022 23:00:00;3,50;-2,23;0,00;0,00;1418,73
496;29.07.2022 00:00:00;3,50;-2,23;0,00;0,00;1418,73
497;29.07.2022 01:00:00;3,50;-2,29;0,00;0,00;1418,73
498;29.07.2022 02:00:00;3,39;-2,34;0,00;0,00;1418,21
499;29.07.2022 03:00:00;3,39;-2,34;0,00;0,00;1418,21
500;29.07.2022 04:00:00;3,20;-2,34;0,00;0,00;1417,35
501;29.07.2022 05:00:00;3,28;-2,40;0,00;0,00;1417,69
502;29.07.2022 06:00:00;3,13;-2,40;0,00;0,00;1417,00
503;29.07.2022 07:00:00;3,09;-2,46;0,00;0,00;1416,82
504;29.07.2022 08:00:00;3,17;-2,52;0,00;0,00;1417,17
505;29.07.2022 09:00:00;3,24;-2,46;0,00;0,00;1417,52
506;29.07.2022 10:00:00;3,35;-2,46;0,00;0,00;1418,04
507;29.07.2022 11:00:00;3,43;-2,34;0,00;0,00;1418,39
508;29.07.2022 12:00:00;4,06;-2,40;0,00;0,00;1421,27
509;29.07.2022 13:00:00;4,10;-2,29;0,00;0,00;1421,44
510;29.07.2022 14:00:00;4,17;-2,23;0,00;0,00;1421,78
511;29.07.2022 15:00:00;4,28;-2,29;0,00;0,00;1422,28
512;29.07.2022 16:00:00;4,32;-2,34;0,00;0,00;1422,44
513;29.07.2022 17:00:00;4,36;-2,34;0,00;0,00;1422,61
514;29.07.2022 18:00:00;4,69;-2,34;0,00;0,00;1424,09
515;29.07.2022 19:00:00;4,72;-2,46;0,00;0,00;1424,25
516;29.07.2022 20:00:00;4,80;-2,46;0,00;0,00;1424,57
517;29.07.2022 21:00:00;4,83;-2,52;0,00;0,00;1424,73
518;29.07.2022 22:00:00;4,80;-2,46;0,00;0,00;1424,57
519;29.07.2022 23:00:00;4,72;-2,52;0,00;0,00;1424,25
520;30.07.2022 00:00:00;4,69;-2,46;0,00;0,00;1424,08
521;30.07.2022 01:00:00;4,65;-2,46;0,00;0,00;1423,92
522;30.07.2022 02:00:00;4,47;-2,52;0,00;0,00;1423,10
523;30.07.2022 03:00:00;3,69;-2,58;0,00;0,00;1419,58
524;30.07.2022 04:00:00;3,54;-2,52;0,00;0,00;1418,90
525;30.07.2022 05:00:00;4,06;-2,58;0,00;0,00;1421,27
526;30.07.2022 06:00:00;4,03;-2,58;0,00;0,00;1421,10
527;30.07.2022 07:00:00;3,91;-2,69;0,00;0,00;1420,60
528;30.07.2022 08:00:00;3,91;-2,75;0,00;0,00;1420,60
529;30.07.2022 09:00:00;3,99;-2,69;0,00;0,00;1420,93
530;30.07.2022 10:00:00;4,10;-2,69;0,00;0,00;1421,44
531;30.07.2022 11:00:00;4,28;-2,64;0,00;0,00;1422,27
532;30.07.2022 12:00:00;4,32;-2,58;0,00;0,00;1422,44
533;30.07.2022 13:00:00;4,17;-2,52;0,00;0,00;1421,77
534;30.07.2022 14:00:00;4,39;-2,52;0,00;0,00;1422,77
535;30.07.2022 15:00:00;4,61;-2,52;3,47;3,91;1428,24
536;30.07.2022 16:00:00;4,91;-2,52;7,67;8,27;1434,95
537;30.07.2022 17:00:00;4,94;-2,46;9,49;10,10;1437,46
538;30.07.2022 18:00:00;5,38;-2,52;9,95;10,67;1439,92
539;30.07.2022 19:00:00;5,34;-2,69;10,18;10,89;1440,06
540;30.07.2022 20:00:00;5,30;-2,64;10,37;11,07;1440,15
541;30.07.2022 21:00:00;5,45;-2,69;10,43;11,18;1440,85
542;30.07.2022 22:00:00;5,38;-2,69;10,61;11,33;1440,77
543;30.07.2022 23:00:00;5,02;-2,64;10,59;11,20;1439,19
544;31.07.2022 00:00:00;4,72;-2,69;10,72;11,23;1438,09
545;31.07.2022 01:00:00;4,65;-2,64;10,72;11,21;1437,77
546;31.07.2022 02:00:00;4,43;-2,69;10,85;11,27;1436,98
547;31.07.2022 03:00:00;4,32;-2,64;11,15;11,52;1436,89
548;31.07.2022 04:00:00;4,28;-2,58;11,20;11,56;1436,79
549;31.07.2022 05:00:00;4,25;-2,64;11,35;11,68;1436,81
550;31.07.2022 06:00:00;4,25;-2,69;11,35;11,68;1436,82
551;31.07.2022 07:00:00;4,14;-2,75;11,32;11,62;1436,29
552;31.07.2022 08:00:00;4,39;-2,81;10,75;11,16;1436,69
553;31.07.2022 09:00:00;4,21;-2,75;10,99;11,33;1436,19
554;31.07.2022 10:00:00;4,43;-2,75;10,93;11,34;1437,08
555;31.07.2022 11:00:00;4,54;-2,69;10,97;11,41;1437,61
556;31.07.2022 12:00:00;4,65;-2,69;11,15;11,62;1438,32
557;31.07.2022 13:00:00;4,83;-2,69;11,26;11,80;1439,27
558;31.07.2022 14:00:00;4,69;-2,52;11,31;11,80;1438,70
559;31.07.2022 15:00:00;5,16;-2,52;11,41;12,05;1440,87
560;31.07.2022 16:00:00;5,16;-2,52;11,62;12,25;1441,14
561;31.07.2022 17:00:00;5,12;-2,52;11,57;12,19;1440,91
562;31.07.2022 18:00:00;5,16;-2,58;11,48;12,12;1440,96
563;31.07.2022 19:00:00;5,38;-2,58;11,36;12,07;1441,73
564;31.07.2022 20:00:00;5,77;-2,52;11,21;12,05;1443,21
565;31.07.2022 21:00:00;5,56;-2,58;11,16;11,93;1442,24
566;31.07.2022 22:00:00;5,73;-2,64;11,28;12,10;1443,15
567;31.07.2022 23:00:00;5,56;-2,58;11,47;12,23;1442,63
568;01.08.2022 00:00:00;5,34;-2,58;11,54;12,23;1441,80
569;01.08.2022 01:00:00;5,12;-2,52;11,61;12,23;1440,97
570;01.08.2022 02:00:00;4,03;-2,52;11,85;12,09;1436,49
571;01.08.2022 03:00:00;3,99;-2,46;11,93;12,15;1436,43
572;01.08.2022 04:00:00;4,10;-2,52;12,02;12,27;1437,04
573;01.08.2022 05:00:00;4,03;-2,58;11,87;12,10;1436,52
574;01.08.2022 06:00:00;4,10;-2,58;11,77;12,03;1436,71
575;01.08.2022 07:00:00;4,06;-2,69;11,73;11,99;1436,50
576;01.08.2022 08:00:00;4,10;-2,69;11,58;11,86;1436,47
577;01.08.2022 09:00:00;4,21;-2,69;11,47;11,79;1436,81
578;01.08.2022 10:00:00;4,32;-2,64;11,02;11,39;1436,71
579;01.08.2022 11:00:00;4,54;-2,64;11,04;11,49;1437,71
580;01.08.2022 12:00:00;4,54;-2,58;11,41;11,84;1438,19
581;01.08.2022 13:00:00;4,65;-2,64;11,44;11,90;1438,70
582;01.08.2022 14:00:00;4,91;-2,52;11,24;11,80;1439,56
583;01.08.2022 15:00:00;4,94;-2,58;11,27;11,84;1439,74
584;01.08.2022 16:00:00;4,91;-2,40;11,31;11,86;1439,64
585;01.08.2022 17:00:00;5,05;-2,52;11,23;11,83;1440,17
586;01.08.2022 18:00:00;4,91;-2,58;11,29;11,84;1439,61
587;01.08.2022 19:00:00;5,12;-2,64;11,43;12,05;1440,74
588;01.08.2022 20:00:00;5,23;-2,64;11,33;11,99;1441,07
589;01.08.2022 21:00:00;5,30;-2,64;11,29;11,98;1441,33
590;01.08.2022 22:00:00;5,12;-2,69;11,25;11,88;1440,50
591;01.08.2022 23:00:00;5,23;-2,64;11,28;11,94;1441,00
592;02.08.2022 00:00:00;5,02;-2,64;11,13;11,73;1439,88
593;02.08.2022 01:00:00;4,76;-2,64;11,31;11,82;1439,01
594;02.08.2022 02:00:00;4,28;-2,58;11,51;11,85;1437,19
595;02.08.2022 03:00:00;4,06;-2,52;11,68;11,94;1436,43
596;02.08.2022 04:00:00;3,84;-2,52;11,92;12,09;1435,77
597;02.08.2022 05:00:00;4,06;-2,58;11,82;12,07;1436,61
598;02.08.2022 06:00:00;3,77;-2,64;11,77;11,92;1435,23
599;02.08.2022 07:00:00;3,62;-2,64;11,89;11,98;1434,73
600;02.08.2022 08:00:00;4,32;-2,69;11,64;11,98;1437,52
601;02.08.2022 09:00:00;4,28;-2,69;11,63;11,96;1437,34
602;02.08.2022 10:00:00;4,36;-2,75;11,72;12,08;1437,78
603;02.08.2022 11:00:00;4,69;-2,69;11,68;12,15;1439,17
604;02.08.2022 12:00:00;4,69;-2,69;11,85;12,31;1439,39
605;02.08.2022 13:00:00;4,43;-2,69;12,26;12,62;1438,80
606;02.08.2022 14:00:00;4,28;-2,64;12,95;13,22;1439,06
607;02.08.2022 15:00:00;3,77;-2,64;13,21;13,27;1437,12
608;02.08.2022 16:00:00;3,88;-2,64;13,41;13,49;1437,86
609;02.08.2022 17:00:00;4,06;-2,69;13,66;13,80;1439,01
610;02.08.2022 18:00:00;4,43;-2,58;13,41;13,71;1440,29
611;02.08.2022 19:00:00;4,51;-2,64;13,42;13,74;1440,62
612;02.08.2022 20:00:00;4,58;-2,69;13,44;13,78;1440,96
613;02.08.2022 21:00:00;4,58;-2,81;13,33;13,68;1440,82
614;02.08.2022 22:00:00;4,54;-2,75;13,63;13,95;1441,05
615;02.08.2022 23:00:00;4,87;-2,69;13,64;14,09;1442,49
616;03.08.2022 00:00:00;4,43;-2,75;13,37;13,66;1440,23
617;03.08.2022 01:00:00;4,51;-2,69;12,88;13,23;1439,93
618;03.08.2022 02:00:00;4,43;-2,69;12,76;13,09;1439,45
619;03.08.2022 03:00:00;4,21;-2,58;12,93;13,17;1438,70
620;03.08.2022 04:00:00;4,06;-2,58;13,07;13,25;1438,24
621;03.08.2022 05:00:00;3,02;-2,69;14,50;14,15;1435,45
622;03.08.2022 06:00:00;2,48;-2,64;14,80;14,20;1433,43
623;03.08.2022 07:00:00;1,55;-2,64;16,12;14,95;1430,91
624;03.08.2022 08:00:00;2,44;-2,69;16,24;15,45;1435,15
625;03.08.2022 09:00:00;1,55;-2,69;16,70;15,45;1431,68
626;03.08.2022 10:00:00;1,39;-2,64;17,38;15,95;1431,86
627;03.08.2022 11:00:00;1,39;-2,64;17,74;16,26;1432,34
628;03.08.2022 12:00:00;2,10;-2,64;17,95;16,78;1435,83
629;03.08.2022 13:00:00;2,56;-2,58;18,05;17,08;1438,05
630;03.08.2022 14:00:00;2,94;-2,58;18,11;17,33;1439,83
631;03.08.2022 15:00:00;3,47;-2,46;18,18;17,65;1442,27
632;03.08.2022 16:00:00;3,69;-2,46;18,25;17,83;1443,35
633;03.08.2022 17:00:00;3,17;-2,52;18,27;17,58;1441,06
634;03.08.2022 18:00:00;3,99;-2,46;18,33;18,05;1444,75
635;03.08.2022 19:00:00;4,17;-2,46;18,35;18,16;1445,58
636;03.08.2022 20:00:00;3,80;-2,52;18,37;17,99;1443,99
637;03.08.2022 21:00:00;5,12;-2,58;18,01;18,33;1449,21
638;03.08.2022 22:00:00;5,66;-2,52;17,60;18,21;1450,95
639;03.08.2022 23:00:00;7,28;-2,46;15,18;16,61;1454,56
640;04.08.2022 00:00:00;7,00;-2,46;14,64;15,94;1452,73
641;04.08.2022 01:00:00;6,79;-2,40;14,62;15,83;1451,85
642;04.08.2022 02:00:00;7,11;-2,34;14,38;15,72;1452,83
643;04.08.2022 03:00:00;7,39;-2,29;14,05;15,50;1453,54
644;04.08.2022 04:00:00;7,73;-2,23;13,46;15,04;1454,19
645;04.08.2022 05:00:00;8,00;-2,23;12,75;14,41;1454,41
646;04.08.2022 06:00:00;5,52;-2,46;14,79;15,46;1446,74
647;04.08.2022 07:00:00;5,38;-2,46;15,34;15,93;1446,85
648;04.08.2022 08:00:00;5,34;-2,46;15,73;16,28;1447,20
649;04.08.2022 09:00:00;6,16;-2,52;15,65;16,57;1450,54
650;04.08.2022 10:00:00;6,13;-2,46;15,35;16,27;1450,01
651;04.08.2022 11:00:00;5,84;-2,58;15,60;16,38;1449,14
652;04.08.2022 12:00:00;7,32;-2,46;15,20;16,64;1454,72
653;04.08.2022 13:00:00;7,56;-2,40;15,07;16,62;1455,53
654;04.08.2022 14:00:00;7,14;-2,46;15,31;16,67;1454,15
655;04.08.2022 15:00:00;9,02;-2,29;15,14;17,33;1461,41
656;04.08.2022 16:00:00;9,12;-2,29;14,96;17,19;1461,59
657;04.08.2022 17:00:00;9,39;-2,23;14,95;17,30;1462,61
658;04.08.2022 18:00:00;5,81;-2,46;16,20;16,95;1449,77
659;04.08.2022 19:00:00;6,72;-2,46;16,38;17,54;1453,79
660;04.08.2022 20:00:00;7,80;-2,40;16,58;18,26;1458,40
661;04.08.2022 21:00:00;7,52;-2,40;16,71;18,25;1457,46
662;04.08.2022 22:00:00;8,41;-2,46;16,57;18,53;1460,82
663;04.08.2022 23:00:00;9,09;-2,40;16,30;18,59;1463,13
664;05.08.2022 00:00:00;9,15;-2,34;16,07;18,37;1463,09
665;05.08.2022 01:00:00;9,39;-2,34;15,77;18,17;1463,63
666;05.08.2022 02:00:00;7,76;-2,46;15,92;17,57;1457,43
667;05.08.2022 03:00:00;7,94;-2,40;15,74;17,46;1457,88
668;05.08.2022 04:00:00;7,59;-2,40;15,79;17,36;1456,58
669;05.08.2022 05:00:00;7,94;-2,34;15,57;17,29;1457,68
670;05.08.2022 06:00:00;8,04;-2,40;15,28;17,04;1457,72
671;05.08.2022 07:00:00;7,59;-2,34;15,44;17,01;1456,14
672;05.08.2022 08:00:00;4,91;-2,52;17,25;17,51;1447,30
673;05.08.2022 09:00:00;3,84;-2,64;18,15;17,81;1443,87
674;05.08.2022 10:00:00;3,54;-2,64;18,58;18,05;1443,12
675;05.08.2022 11:00:00;2,48;-2,69;18,93;17,81;1438,87
676;05.08.2022 12:00:00;1,86;-2,69;19,23;17,75;1436,46
677;05.08.2022 13:00:00;1,79;-2,69;19,38;17,84;1436,31
678;05.08.2022 14:00:00;2,17;-2,69;19,48;18,12;1438,19
679;05.08.2022 15:00:00;2,90;-2,64;19,54;18,56;1441,54
680;05.08.2022 16:00:00;3,02;-2,69;19,53;18,61;1442,03
681;05.08.2022 17:00:00;2,75;-2,58;19,61;18,54;1440,96
682;05.08.2022 18:00:00;2,94;-2,58;19,68;18,70;1441,89
683;05.08.2022 19:00:00;3,13;-2,52;19,52;18,67;1442,53
684;05.08.2022 20:00:00;7,80;-2,40;18,18;19,87;1460,42
685;05.08.2022 21:00:00;8,38;-2,40;16,86;18,82;1461,05
686;05.08.2022 22:00:00;9,22;-2,29;15,63;17,94;1462,81
687;05.08.2022 23:00:00;9,15;-2,34;14,99;17,24;1461,75
688;06.08.2022 00:00:00;8,85;-2,34;14,75;16,85;1460,27
689;06.08.2022 01:00:00;8,75;-2,40;14,79;16,85;1459,92
690;06.08.2022 02:00:00;8,72;-2,40;14,51;16,54;1459,44
691;06.08.2022 03:00:00;8,68;-2,34;14,01;16,00;1458,68
692;06.08.2022 04:00:00;8,72;-2,29;13,60;15,58;1458,30
693;06.08.2022 05:00:00;8,72;-2,17;13,37;15,34;1458,02
694;06.08.2022 06:00:00;8,68;-2,17;13,27;15,22;1457,76
695;06.08.2022 07:00:00;8,58;-2,11;13,13;15,03;1457,19
696;06.08.2022 08:00:00;8,68;-2,11;13,31;15,27;1457,82
697;06.08.2022 09:00:00;8,58;-2,05;13,03;14,93;1457,07
698;06.08.2022 10:00:00;8,62;-2,00;12,92;14,82;1457,05
699;06.08.2022 11:00:00;8,55;-2,05;13,03;14,92;1456,93
700;06.08.2022 12:00:00;8,62;-2,05;13,14;15,05;1457,33
701;06.08.2022 13:00:00;8,45;-2,05;12,88;14,71;1456,33
702;06.08.2022 14:00:00;8,48;-2,00;12,43;14,25;1455,90
703;06.08.2022 15:00:00;8,45;-2,17;12,37;14,18;1455,69
704;06.08.2022 16:00:00;8,51;-2,11;12,45;14,29;1456,07
705;06.08.2022 17:00:00;8,68;-2,11;11,96;13,82;1456,12
706;06.08.2022 18:00:00;8,85;-2,05;11,45;13,34;1456,15
707;06.08.2022 19:00:00;8,92;-2,05;11,20;13,10;1456,11
708;06.08.2022 20:00:00;8,92;-2,11;11,15;13,04;1456,04
709;06.08.2022 21:00:00;8,72;-2,17;11,35;13,19;1455,49
710;06.08.2022 22:00:00;8,68;-2,11;10,98;12,78;1454,90
711;06.08.2022 23:00:00;8,48;-2,17;10,82;12,54;1453,89
712;07.08.2022 00:00:00;8,34;-2,29;10,73;12,40;1453,23
713;07.08.2022 01:00:00;8,31;-2,23;10,30;11,92;1452,55
714;07.08.2022 02:00:00;8,34;-2,23;9,84;11,45;1452,12
715;07.08.2022 03:00:00;8,24;-2,23;9,58;11,13;1451,38
716;07.08.2022 04:00:00;8,17;-2,23;9,52;11,05;1451,03
717;07.08.2022 05:00:00;8,04;-2,23;9,34;10,82;1450,25
718;07.08.2022 06:00:00;8,21;-2,23;9,43;10,97;1451,06
719;07.08.2022 07:00:00;7,90;-2,23;9,38;10,82;1449,75
720;07.08.2022 08:00:00;8,07;-2,23;10,23;11,78;1451,51
721;07.08.2022 09:00:00;7,39;-2,29;12,33;13,75;1451,38
722;07.08.2022 10:00:00;7,00;-2,29;13,84;15,14;1451,73
723;07.08.2022 11:00:00;7,07;-2,29;14,41;15,74;1452,73
724;07.08.2022 12:00:00;7,45;-2,34;14,73;16,22;1454,68
725;07.08.2022 13:00:00;7,45;-2,34;14,93;16,43;1454,94
726;07.08.2022 14:00:00;7,49;-2,34;15,27;16,78;1455,50
727;07.08.2022 15:00:00;7,42;-2,34;15,34;16,82;1455,31
728;07.08.2022 16:00:00;7,42;-2,40;15,09;16,58;1455,00
729;07.08.2022 17:00:00;7,45;-2,40;15,30;16,81;1455,41
730;07.08.2022 18:00:00;7,45;-2,40;15,45;16,96;1455,60
731;07.08.2022 19:00:00;7,42;-2,46;15,40;16,89;1455,39
732;07.08.2022 20:00:00;7,45;-2,40;15,53;17,03;1455,69
733;07.08.2022 21:00:00;7,35;-2,46;15,49;16,94;1455,22
734;07.08.2022 22:00:00;7,18;-2,34;15,35;16,73;1454,35
735;07.08.2022 23:00:00;7,00;-2,58;15,27;16,57;1453,53
736;08.08.2022 00:00:00;6,83;-2,58;15,28;16,50;1452,83
737;08.08.2022 01:00:00;6,58;-2,58;15,54;16,66;1452,16
738;08.08.2022 02:00:00;6,48;-2,58;15,54;16,60;1451,71
739;08.08.2022 03:00:00;6,37;-2,64;15,27;16,29;1450,93
740;08.08.2022 04:00:00;6,16;-2,64;15,49;16,42;1450,34
741;08.08.2022 05:00:00;6,05;-2,58;15,43;16,31;1449,81
742;08.08.2022 06:00:00;6,05;-2,52;15,40;16,28;1449,77
743;08.08.2022 07:00:00;6,05;-2,52;15,18;16,07;1449,50
744;08.08.2022 08:00:00;6,13;-2,58;14,85;15,78;1449,37
745;08.08.2022 09:00:00;6,09;-2,52;14,75;15,66;1449,09
746;08.08.2022 10:00:00;6,09;-2,46;14,70;15,61;1449,03
747;08.08.2022 11:00:00;6,16;-2,40;14,59;15,54;1449,19
748;08.08.2022 12:00:00;6,27;-2,40;14,55;15,54;1449,59
749;08.08.2022 13:00:00;6,41;-2,40;14,48;15,53;1450,07
750;08.08.2022 14:00:00;6,58;-2,40;14,37;15,49;1450,66
751;08.08.2022 15:00:00;6,58;-2,46;14,32;15,45;1450,60
752;08.08.2022 16:00:00;6,62;-2,46;14,29;15,43;1450,71
753;08.08.2022 17:00:00;6,69;-2,46;14,24;15,41;1450,93
754;08.08.2022 18:00:00;6,79;-2,52;14,19;15,40;1451,30
755;08.08.2022 19:00:00;6,79;-2,52;14,13;15,35;1451,23
756;08.08.2022 20:00:00;6,83;-2,58;14,07;15,29;1451,29
757;08.08.2022 21:00:00;6,72;-2,52;14,00;15,19;1450,78
758;08.08.2022 22:00:00;6,65;-2,58;14,01;15,16;1450,49
759;08.08.2022 23:00:00;6,55;-2,58;13,94;15,05;1449,97
760;09.08.2022 00:00:00;6,37;-2,64;13,94;14,99;1449,25
761;09.08.2022 01:00:00;6,20;-2,64;13,89;14,86;1448,44
762;09.08.2022 02:00:00;5,88;-2,75;14,07;14,91;1447,33
763;09.08.2022 03:00:00;5,88;-2,81;14,04;14,88;1447,29
764;09.08.2022 04:00:00;5,63;-2,87;13,54;14,29;1445,59
765;09.08.2022 05:00:00;5,84;-2,81;13,78;14,61;1446,80
766;09.08.2022 06:00:00;5,98;-2,75;13,84;14,72;1447,48
767;09.08.2022 07:00:00;5,91;-2,69;13,55;14,41;1446,81
768;09.08.2022 08:00:00;5,81;-2,69;13,07;13,90;1445,74
769;09.08.2022 09:00:00;5,95;-2,64;12,86;13,75;1446,08
770;09.08.2022 10:00:00;5,98;-2,52;12,98;13,88;1446,38
771;09.08.2022 11:00:00;5,91;-2,46;13,19;14,06;1446,35
772;09.08.2022 12:00:00;6,02;-2,40;13,56;14,46;1447,27
773;09.08.2022 13:00:00;6,16;-2,40;13,78;14,74;1448,15
774;09.08.2022 14:00:00;6,37;-2,34;14,04;15,09;1449,38
775;09.08.2022 15:00:00;6,02;-2,46;14,89;15,76;1448,97
776;09.08.2022 16:00:00;6,09;-2,46;14,96;15,87;1449,37
777;09.08.2022 17:00:00;6,23;-2,46;14,91;15,88;1449,89
778;09.08.2022 18:00:00;6,41;-2,46;14,83;15,87;1450,52
779;09.08.2022 19:00:00;6,51;-2,52;14,97;16,06;1451,14
780;09.08.2022 20:00:00;6,48;-2,52;15,19;16,27;1451,28
781;09.08.2022 21:00:00;6,34;-2,40;15,31;16,31;1450,84
782;09.08.2022 22:00:00;6,30;-2,40;15,43;16,42;1450,85
783;09.08.2022 23:00:00;6,34;-2,46;15,26;16,27;1450,78
784;10.08.2022 00:00:00;6,30;-2,40;15,11;16,11;1450,44
785;10.08.2022 01:00:00;6,23;-2,40;15,16;16,12;1450,21
786;10.08.2022 02:00:00;6,27;-2,40;15,23;16,21;1450,45
787;10.08.2022 03:00:00;6,27;-2,46;15,15;16,13;1450,35
788;10.08.2022 04:00:00;6,20;-2,52;14,68;15,64;1449,45
789;10.08.2022 05:00:00;6,20;-2,46;14,38;15,34;1449,06
790;10.08.2022 06:00:00;6,20;-2,46;14,23;15,19;1448,87
791;10.08.2022 07:00:00;6,20;-2,40;14,10;15,07;1448,71
792;10.08.2022 08:00:00;6,30;-2,34;13,63;14,64;1448,55
793;10.08.2022 09:00:00;6,34;-2,34;12,10;13,13;1446,75
794;10.08.2022 10:00:00;6,41;-2,29;10,82;11,87;1445,42
795;10.08.2022 11:00:00;6,44;-2,23;10,83;11,89;1445,57
796;10.08.2022 12:00:00;6,44;-2,29;12,23;13,30;1447,35
797;10.08.2022 13:00:00;6,65;-2,17;12,39;13,54;1448,44
798;10.08.2022 14:00:00;6,86;-2,23;12,72;13,95;1449,72
799;10.08.2022 15:00:00;7,07;-2,23;12,08;13,37;1449,77
800;10.08.2022 16:00:00;7,42;-2,29;10,95;12,33;1449,76
801;10.08.2022 17:00:00;7,52;-2,34;10,60;12,00;1449,75
802;10.08.2022 18:00:00;7,63;-2,34;10,48;11,91;1450,02
803;10.08.2022 19:00:00;7,83;-2,40;10,73;12,23;1451,17
804;10.08.2022 20:00:00;7,83;-2,40;10,76;12,26;1451,20
805;10.08.2022 21:00:00;7,80;-2,46;10,85;12,35;1451,18
806;10.08.2022 22:00:00;7,70;-2,40;10,84;12,30;1450,75
807;10.08.2022 23:00:00;7,70;-2,40;10,76;12,23;1450,65
808;11.08.2022 00:00:00;7,70;-2,34;10,78;12,24;1450,68
809;11.08.2022 01:00:00;7,56;-2,29;10,81;12,23;1450,16
810;11.08.2022 02:00:00;7,63;-2,29;10,89;12,33;1450,53
811;11.08.2022 03:00:00;7,76;-2,34;10,93;12,42;1451,14
812;11.08.2022 04:00:00;7,87;-2,34;11,08;12,62;1451,75
813;11.08.2022 05:00:00;7,66;-2,34;10,78;12,24;1450,54
814;11.08.2022 06:00:00;7,73;-2,40;10,78;12,25;1450,81
815;11.08.2022 07:00:00;7,70;-2,40;10,73;12,19;1450,62
816;11.08.2022 08:00:00;7,76;-2,40;10,91;12,41;1451,12
817;11.08.2022 09:00:00;7,76;-2,34;11,16;12,66;1451,43
818;11.08.2022 10:00:00;7,70;-2,29;11,13;12,61;1451,12
819;11.08.2022 11:00:00;7,76;-2,23;11,00;12,49;1451,23
820;11.08.2022 12:00:00;7,90;-2,11;11,01;12,55;1451,80
821;11.08.2022 13:00:00;8,00;-2,05;10,85;12,41;1452,01
822;11.08.2022 14:00:00;8,04;-2,11;11,18;12,78;1452,57
823;11.08.2022 15:00:00;8,31;-2,00;11,28;12,98;1453,79
824;11.08.2022 16:00:00;8,48;-2,05;10,97;12,70;1454,07
825;11.08.2022 17:00:00;8,82;-2,05;11,40;13,27;1455,96
826;11.08.2022 18:00:00;9,12;-2,11;11,33;13,31;1457,06
827;11.08.2022 19:00:00;9,02;-2,17;11,00;12,91;1456,25
828;11.08.2022 20:00:00;8,85;-2,11;10,60;12,42;1455,09
829;11.08.2022 21:00:00;8,89;-2,17;10,14;11,93;1454,64
830;11.08.2022 22:00:00;9,19;-2,11;10,03;11,90;1455,70
831;11.08.2022 23:00:00;9,05;-2,17;9,97;11,80;1455,10
832;12.08.2022 00:00:00;8,99;-2,11;10,06;11,88;1454,94
833;12.08.2022 01:00:00;8,92;-2,17;10,14;11,94;1454,77
834;12.08.2022 02:00:00;8,75;-2,23;10,34;12,11;1454,37
835;12.08.2022 03:00:00;8,75;-2,29;10,41;12,19;1454,45
836;12.08.2022 04:00:00;8,62;-2,29;10,40;12,13;1453,90
837;12.08.2022 05:00:00;8,28;-2,34;11,07;12,74;1453,38
838;12.08.2022 06:00:00;7,97;-2,52;12,83;14,48;1454,36
839;12.08.2022 07:00:00;7,63;-2,58;13,76;15,31;1454,15
840;12.08.2022 08:00:00;7,00;-2,64;14,91;16,21;1453,08
841;12.08.2022 09:00:00;6,97;-2,58;15,64;16,93;1453,86
842;12.08.2022 10:00:00;7,11;-2,52;15,86;17,21;1454,71
843;12.08.2022 11:00:00;7,42;-2,46;16,02;17,51;1456,17
844;12.08.2022 12:00:00;7,76;-2,34;15,99;17,64;1457,52
845;12.08.2022 13:00:00;7,94;-2,29;16,14;17,87;1458,40
846;12.08.2022 14:00:00;8,24;-2,17;16,26;18,14;1459,77
847;12.08.2022 15:00:00;8,58;-2,17;16,30;18,34;1461,15
848;12.08.2022 16:00:00;8,11;-2,23;16,40;18,22;1459,41
849;12.08.2022 17:00:00;10,45;-2,11;13,94;16,66;1465,40
850;12.08.2022 18:00:00;10,71;-2,23;12,00;14,61;1463,99
851;12.08.2022 19:00:00;10,84;-2,17;11,85;14,49;1464,31
852;12.08.2022 20:00:00;10,97;-2,17;11,85;14,53;1464,79
853;12.08.2022 21:00:00;10,77;-2,17;12,17;14,82;1464,45
854;12.08.2022 22:00:00;10,58;-2,17;12,10;14,68;1463,63
855;12.08.2022 23:00:00;10,48;-2,11;11,76;14,26;1462,84
856;13.08.2022 00:00:00;10,41;-2,05;11,63;14,09;1462,43
857;13.08.2022 01:00:00;10,25;-2,05;11,62;14,02;1461,79
858;13.08.2022 02:00:00;10,22;-2,05;11,74;14,14;1461,81
859;13.08.2022 03:00:00;10,12;-2,05;11,50;13,84;1461,14
860;13.08.2022 04:00:00;10,08;-2,11;11,22;13,52;1460,67
861;13.08.2022 05:00:00;10,08;-2,17;11,06;13,33;1460,46
862;13.08.2022 06:00:00;9,92;-2,11;10,98;13,19;1459,73
863;13.08.2022 07:00:00;9,85;-2,23;10,98;13,17;1459,47
864;13.08.2022 08:00:00;9,72;-2,29;11,17;13,34;1459,20
865;13.08.2022 09:00:00;9,69;-2,29;10,88;13,00;1458,71
866;13.08.2022 10:00:00;9,72;-2,29;10,68;12,79;1458,59
867;13.08.2022 11:00:00;9,79;-2,23;9,96;12,02;1457,96
868;13.08.2022 12:00:00;9,82;-2,17;9,46;11,47;1457,47
869;13.08.2022 13:00:00;9,85;-2,05;9,16;11,14;1457,23
870;13.08.2022 14:00:00;9,89;-2,05;8,98;10,94;1457,13
871;13.08.2022 15:00:00;9,89;-2,05;8,90;10,85;1457,03
872;13.08.2022 16:00:00;9,92;-2,05;8,81;10,76;1457,05
873;13.08.2022 17:00:00;9,92;-2,11;8,75;10,69;1456,97
874;13.08.2022 18:00:00;9,89;-2,11;8,60;10,51;1456,66
875;13.08.2022 19:00:00;9,85;-2,17;8,09;9,93;1455,90
876;13.08.2022 20:00:00;9,75;-2,29;7,09;8,76;1454,27
877;13.08.2022 21:00:00;9,55;-2,23;2,85;3,71;1448,22
878;13.08.2022 22:00:00;9,42;-2,29;0,00;0,00;1444,15
879;13.08.2022 23:00:00;9,29;-2,29;0,00;0,00;1443,62
880;14.08.2022 00:00:00;9,19;-2,23;0,00;0,00;1443,21
881;14.08.2022 01:00:00;9,05;-2,23;0,00;0,00;1442,67
882;14.08.2022 02:00:00;8,99;-2,23;8,00;9,60;1452,37
883;14.08.2022 03:00:00;8,75;-2,29;3,63;4,56;1445,97
884;14.08.2022 04:00:00;8,58;-2,23;3,58;4,49;1445,23
885;14.08.2022 05:00:00;8,41;-2,34;3,60;4,49;1444,56
886;14.08.2022 06:00:00;8,28;-2,40;3,24;4,06;1443,56
887;14.08.2022 07:00:00;8,07;-2,52;1,39;1,81;1440,39
888;14.08.2022 08:00:00;7,56;-2,58;5,64;6,68;1443,62
889;14.08.2022 09:00:00;7,52;-2,58;5,88;6,94;1443,79
890;14.08.2022 10:00:00;7,83;-2,58;3,22;3,98;1441,70
891;14.08.2022 11:00:00;7,90;-2,58;5,00;6,03;1444,23
892;14.08.2022 12:00:00;7,63;-2,52;0,44;0,60;1437,35
893;14.08.2022 13:00:00;7,83;-2,40;4,84;5,83;1443,74
894;14.08.2022 14:00:00;7,59;-2,40;8,88;10,20;1447,85
895;14.08.2022 15:00:00;7,42;-2,46;9,76;11,08;1448,26
896;14.08.2022 16:00:00;7,21;-2,46;10,06;11,34;1447,79
897;14.08.2022 17:00:00;7,14;-2,46;10,18;11,44;1447,65
898;14.08.2022 18:00:00;7,00;-2,52;10,08;11,29;1446,95
899;14.08.2022 19:00:00;6,90;-2,64;9,91;11,09;1446,30
900;14.08.2022 20:00:00;6,72;-2,75;9,52;10,64;1445,08
901;14.08.2022 21:00:00;6,62;-2,64;8,59;9,64;1443,46
902;14.08.2022 22:00:00;6,55;-2,64;8,42;9,44;1442,94
903;14.08.2022 23:00:00;6,23;-2,58;6,83;7,71;1439,58
904;15.08.2022 00:00:00;6,05;-2,64;7,30;8,16;1439,43
905;15.08.2022 01:00:00;6,65;-2,52;11,39;12,53;1447,16
906;15.08.2022 02:00:00;6,55;-2,52;12,14;13,25;1447,67
907;15.08.2022 03:00:00;6,44;-2,52;12,77;13,84;1448,04
908;15.08.2022 04:00:00;6,37;-2,52;13,83;14,87;1449,10
909;15.08.2022 05:00:00;6,23;-2,52;14,02;15,00;1448,75
910;15.08.2022 06:00:00;6,13;-2,69;13,67;14,62;1447,87
911;15.08.2022 07:00:00;5,98;-2,75;13,06;13,96;1446,48
912;15.08.2022 08:00:00;5,77;-2,81;12,74;13,57;1445,18
913;15.08.2022 09:00:00;5,59;-2,81;12,16;12,93;1443,67
914;15.08.2022 10:00:00;5,66;-2,81;11,91;12,70;1443,65
915;15.08.2022 11:00:00;5,81;-2,87;12,00;12,84;1444,37
916;15.08.2022 12:00:00;6,05;-2,81;12,41;13,34;1445,95
917;15.08.2022 13:00:00;6,23;-2,69;12,16;13,16;1446,38
918;15.08.2022 14:00:00;6,58;-2,64;13,10;14,23;1449,05
919;15.08.2022 15:00:00;6,76;-2,64;12,72;13,91;1449,28
920;15.08.2022 16:00:00;6,86;-2,58;12,53;13,76;1449,49
921;15.08.2022 17:00:00;6,93;-2,58;12,25;13,50;1449,41
922;15.08.2022 18:00:00;6,97;-2,58;12,20;13,46;1449,49
923;15.08.2022 19:00:00;7,04;-2,69;12,14;13,43;1449,70
924;15.08.2022 20:00:00;7,04;-2,75;12,08;13,36;1449,63
925;15.08.2022 21:00:00;6,97;-2,81;12,05;13,30;1449,29
926;15.08.2022 22:00:00;6,86;-2,69;12,03;13,26;1448,85
927;15.08.2022 23:00:00;6,62;-2,69;12,14;13,27;1447,97
928;16.08.2022 00:00:00;6,65;-2,64;12,40;13,55;1448,45
929;16.08.2022 01:00:00;6,48;-2,64;13,06;14,14;1448,55
930;16.08.2022 02:00:00;6,55;-2,52;12,87;13,98;1448,60
931;16.08.2022 03:00:00;6,41;-2,58;12,78;13,85;1447,91
932;16.08.2022 04:00:00;6,30;-2,52;12,27;13,29;1446,81
933;16.08.2022 05:00:00;5,98;-2,52;14,82;15,69;1448,74
934;16.08.2022 06:00:00;5,66;-2,64;15,30;16,01;1448,00
935;16.08.2022 07:00:00;5,48;-2,69;16,56;17,13;1448,86
936;16.08.2022 08:00:00;5,34;-2,75;17,57;18,02;1449,55
937;16.08.2022 09:00:00;5,59;-2,69;16,54;17,17;1449,30
938;16.08.2022 10:00:00;5,73;-2,75;16,54;17,24;1449,89
939;16.08.2022 11:00:00;5,91;-2,75;15,85;16,66;1449,76
940;16.08.2022 12:00:00;6,05;-2,75;15,33;16,21;1449,68
941;16.08.2022 13:00:00;6,27;-2,69;15,00;15,99;1450,15
942;16.08.2022 14:00:00;6,65;-2,58;14,91;16,06;1451,63
943;16.08.2022 15:00:00;7,11;-2,64;14,45;15,80;1452,92
944;16.08.2022 16:00:00;7,25;-2,58;14,39;15,80;1453,41
945;16.08.2022 17:00:00;6,86;-2,58;14,88;16,12;1452,47
946;16.08.2022 18:00:00;6,97;-2,64;15,93;17,21;1454,22
947;16.08.2022 19:00:00;7,18;-2,69;15,07;16,44;1453,98
948;16.08.2022 20:00:00;7,21;-2,69;14,68;16,07;1453,64
949;16.08.2022 21:00:00;7,49;-2,75;14,72;16,23;1454,80
950;16.08.2022 22:00:00;7,39;-2,81;14,95;16,41;1454,67
951;16.08.2022 23:00:00;7,18;-2,69;15,03;16,41;1453,93
952;17.08.2022 00:00:00;7,04;-2,69;15,14;16,45;1453,50
953;17.08.2022 01:00:00;6,83;-2,69;15,54;16,77;1453,16
954;17.08.2022 02:00:00;6,62;-2,58;15,46;16,59;1452,20
955;17.08.2022 03:00:00;6,65;-2,52;14,05;15,20;1450,54
956;17.08.2022 04:00:00;6,58;-2,58;13,75;14,88;1449,88
957;17.08.2022 05:00:00;6,48;-2,52;13,93;15,01;1449,67
958;17.08.2022 06:00:00;6,37;-2,58;13,95;14,99;1449,26
959;17.08.2022 07:00:00;6,30;-2,58;13,77;14,78;1448,73
960;17.08.2022 08:00:00;6,23;-2,69;13,67;14,66;1448,30
961;17.08.2022 09:00:00;6,02;-2,75;12,59;13,51;1446,03
962;17.08.2022 10:00:00;5,91;-2,81;11,34;12,23;1443,98
963;17.08.2022 11:00:00;6,02;-2,87;11,43;12,35;1444,54
964;17.08.2022 12:00:00;6,27;-2,75;12,29;13,30;1446,69
965;17.08.2022 13:00:00;6,51;-2,75;12,51;13,61;1448,00
966;17.08.2022 14:00:00;6,58;-2,64;12,72;13,85;1448,57
967;17.08.2022 15:00:00;6,48;-2,75;12,67;13,76;1448,06
968;17.08.2022 16:00:00;6,51;-2,81;12,25;13,35;1447,67
969;17.08.2022 17:00:00;6,55;-2,64;11,62;12,73;1447,02
970;17.08.2022 18:00:00;6,51;-2,75;11,14;12,22;1446,25
971;17.08.2022 19:00:00;6,44;-2,81;10,72;11,78;1445,43
972;17.08.2022 20:00:00;6,37;-2,81;10,71;11,74;1445,12
973;17.08.2022 21:00:00;6,23;-2,87;10,71;11,70;1444,52
974;17.08.2022 22:00:00;6,05;-2,93;10,75;11,68;1443,83
975;17.08.2022 23:00:00;6,02;-2,93;10,66;11,58;1443,56
976;18.08.2022 00:00:00;5,95;-2,87;10,62;11,52;1443,21
977;18.08.2022 01:00:00;5,63;-2,93;10,58;11,38;1441,79
978;18.08.2022 02:00:00;5,59;-2,87;10,87;11,65;1442,01
979;18.08.2022 03:00:00;5,81;-2,87;11,00;11,85;1443,09
980;18.08.2022 04:00:00;5,73;-2,81;11,02;11,85;1442,82
981;18.08.2022 05:00:00;5,70;-2,81;10,88;11,70;1442,49
982;18.08.2022 06:00:00;5,77;-2,81;11,01;11,85;1442,95
983;18.08.2022 07:00:00;5,77;-2,81;11,09;11,93;1443,06
984;18.08.2022 08:00:00;5,48;-2,87;11,07;11,81;1441,81
985;18.08.2022 09:00:00;5,70;-2,81;11,33;12,15;1443,06
986;18.08.2022 10:00:00;5,73;-2,87;11,46;12,29;1443,39
987;18.08.2022 11:00:00;5,73;-2,93;11,47;12,29;1443,39
988;18.08.2022 12:00:00;5,66;-2,93;10,52;11,33;1441,87
989;18.08.2022 13:00:00;6,13;-2,81;7,14;8,00;1439,51
990;18.08.2022 14:00:00;6,27;-2,87;0,00;0,00;1431,01
991;18.08.2022 15:00:00;6,58;-2,81;0,00;0,00;1432,38
992;18.08.2022 16:00:00;6,58;-2,87;0,00;0,00;1432,38
993;18.08.2022 17:00:00;6,51;-2,87;0,00;0,00;1432,07
994;18.08.2022 18:00:00;6,51;-2,87;0,00;0,00;1432,07
995;18.08.2022 19:00:00;6,44;-2,81;0,00;0,00;1431,77
996;18.08.2022 20:00:00;6,51;-2,87;0,00;0,00;1432,07
997;18.08.2022 21:00:00;6,37;-2,93;0,00;0,00;1431,47
998;18.08.2022 22:00:00;6,23;-2,93;0,00;0,00;1430,86
999;18.08.2022 23:00:00;6,27;-2,87;0,00;0,00;1431,01
1000;19.08.2022 00:00:00;6,09;-2,93;0,00;0,00;1430,25
1001;19.08.2022 01:00:00;6,02;-2,87;0,00;0,00;1429,94
1002;19.08.2022 02:00:00;5,88;-2,81;0,00;0,00;1429,32
1003;19.08.2022 03:00:00;5,77;-2,87;0,00;0,00;1428,86
1004;19.08.2022 04:00:00;5,70;-2,69;2,63;3,11;1431,92
1005;19.08.2022 05:00:00;5,63;-2,75;0,00;0,00;1428,24
1006;19.08.2022 06:00:00;5,63;-2,69;2,33;2,77;1431,22
1007;19.08.2022 07:00:00;5,56;-2,64;7,10;7,84;1437,03
1008;19.08.2022 08:00:00;5,59;-2,64;8,71;9,49;1439,25
1009;19.08.2022 09:00:00;5,66;-2,64;9,85;10,66;1441,02
1010;19.08.2022 10:00:00;5,66;-2,69;9,59;10,40;1440,69
1011;19.08.2022 11:00:00;5,70;-2,75;6,94;7,71;1437,44
1012;19.08.2022 12:00:00;5,84;-2,75;7,09;7,89;1438,24
1013;19.08.2022 13:00:00;6,02;-2,69;7,19;8,04;1439,13
1014;19.08.2022 14:00:00;6,30;-2,64;9,94;10,94;1443,85
1015;19.08.2022 15:00:00;6,65;-2,58;10,25;11,36;1445,71
1016;19.08.2022 16:00:00;6,69;-2,58;10,71;11,84;1446,44
1017;19.08.2022 17:00:00;6,48;-2,64;11,55;12,63;1446,64
1018;19.08.2022 18:00:00;6,41;-2,58;11,93;12,99;1446,82
1019;19.08.2022 19:00:00;6,48;-2,58;12,14;13,23;1447,39
1020;19.08.2022 20:00:00;6,48;-2,64;11,90;12,99;1447,08
1021;19.08.2022 21:00:00;7,00;-2,58;11,14;12,39;1448,30
1022;19.08.2022 22:00:00;7,00;-2,58;10,73;11,97;1447,78
1023;19.08.2022 23:00:00;6,86;-2,58;10,85;12,04;1447,35
1024;20.08.2022 00:00:00;6,69;-2,64;11,64;12,79;1447,62
1025;20.08.2022 01:00:00;6,65;-2,58;11,86;13,00;1447,76
1026;20.08.2022 02:00:00;6,69;-2,58;11,97;13,13;1448,05
1027;20.08.2022 03:00:00;6,30;-2,64;12,17;13,19;1446,69
1028;20.08.2022 04:00:00;5,77;-2,64;13,12;13,94;1445,66
1029;20.08.2022 05:00:00;5,52;-2,58;13,70;14,40;1445,34
1030;20.08.2022 06:00:00;5,48;-2,58;13,76;14,45;1445,28
1031;20.08.2022 07:00:00;5,38;-2,58;13,74;14,39;1444,79
1032;20.08.2022 08:00:00;5,45;-2,58;13,58;14,26;1444,88
1033;20.08.2022 09:00:00;5,34;-2,64;13,58;14,22;1444,43
1034;20.08.2022 10:00:00;5,38;-2,58;13,42;14,08;1444,38
1035;20.08.2022 11:00:00;5,34;-2,64;13,13;13,78;1443,84
1036;20.08.2022 12:00:00;5,38;-2,69;13,06;13,73;1443,91
1037;20.08.2022 13:00:00;5,38;-2,69;13,09;13,76;1443,95
1038;20.08.2022 14:00:00;5,30;-2,64;13,74;14,36;1444,48
1039;20.08.2022 15:00:00;5,41;-2,64;13,97;14,62;1445,23
1040;20.08.2022 16:00:00;5,45;-2,58;13,88;14,55;1445,28
1041;20.08.2022 17:00:00;5,34;-2,64;13,89;14,52;1444,83
1042;20.08.2022 18:00:00;5,16;-2,64;13,52;14,09;1443,59
1043;20.08.2022 19:00:00;4,91;-2,64;14,29;14,73;1443,49
1044;20.08.2022 20:00:00;5,12;-2,75;13,68;14,23;1443,63
1045;20.08.2022 21:00:00;5,30;-2,69;13,05;13,69;1443,59
1046;20.08.2022 22:00:00;5,16;-2,75;13,07;13,66;1443,00
1047;20.08.2022 23:00:00;5,09;-2,81;12,78;13,35;1442,32
1048;21.08.2022 00:00:00;4,72;-2,81;12,22;12,68;1440,02
1049;21.08.2022 01:00:00;4,54;-2,81;12,13;12,53;1439,11
1050;21.08.2022 02:00:00;4,32;-2,81;11,57;11,92;1437,42
1051;21.08.2022 03:00:00;4,39;-2,81;11,95;12,30;1438,23
1052;21.08.2022 04:00:00;4,47;-2,81;12,02;12,40;1438,65
1053;21.08.2022 05:00:00;4,98;-2,75;11,70;12,27;1440,46
1054;21.08.2022 06:00:00;4,80;-2,75;11,72;12,23;1439,70
1055;21.08.2022 07:00:00;4,69;-2,69;11,76;12,22;1439,27
1056;21.08.2022 08:00:00;4,39;-2,69;11,35;11,74;1437,47
1057;21.08.2022 09:00:00;4,25;-2,75;10,97;11,32;1436,33
1058;21.08.2022 10:00:00;4,36;-2,75;10,87;11,26;1436,68
1059;21.08.2022 11:00:00;4,28;-2,75;9,35;9,77;1434,39
1060;21.08.2022 12:00:00;4,43;-2,81;9,27;9,74;1434,93
1061;21.08.2022 13:00:00;4,58;-2,75;9,78;10,28;1436,24
1062;21.08.2022 14:00:00;4,91;-2,81;9,96;10,54;1437,89
1063;21.08.2022 15:00:00;5,27;-2,75;10,34;11,03;1439,95
1064;21.08.2022 16:00:00;5,23;-2,69;10,20;10,88;1439,62
1065;21.08.2022 17:00:00;5,05;-2,81;10,33;10,95;1439,00
1066;21.08.2022 18:00:00;4,98;-2,75;10,67;11,27;1439,13
1067;21.08.2022 19:00:00;5,02;-2,69;10,67;11,28;1439,29
1068;21.08.2022 20:00:00;4,94;-2,75;10,30;10,89;1438,49
1069;21.08.2022 21:00:00;4,83;-2,69;9,89;10,45;1437,49
1070;21.08.2022 22:00:00;4,65;-2,87;9,38;9,90;1436,03
1071;21.08.2022 23:00:00;4,43;-2,87;8,82;9,29;1434,34
1072;22.08.2022 00:00:00;4,21;-2,98;8,04;8,48;1432,36
1073;22.08.2022 01:00:00;4,06;-2,93;7,25;7,67;1430,68
1074;22.08.2022 02:00:00;3,80;-2,93;11,53;11,71;1435,08
1075;22.08.2022 03:00:00;3,88;-2,87;11,17;11,39;1434,94
1076;22.08.2022 04:00:00;3,54;-2,98;11,91;11,98;1434,42
1077;22.08.2022 05:00:00;3,58;-2,98;11,77;11,86;1434,40
1078;22.08.2022 06:00:00;3,50;-2,98;12,09;12,13;1434,48
1079;22.08.2022 07:00:00;3,28;-2,93;12,51;12,44;1434,03
1080;22.08.2022 08:00:00;3,50;-2,93;12,51;12,52;1435,04
1081;22.08.2022 09:00:00;3,62;-3,04;12,18;12,26;1435,11
1082;22.08.2022 10:00:00;3,58;-2,75;11,99;12,06;1434,69
1083;22.08.2022 11:00:00;3,73;-2,93;11,07;11,25;1434,15
1084;22.08.2022 12:00:00;3,73;-3,04;10,91;11,10;1433,95
1085;22.08.2022 13:00:00;3,84;-3,04;11,24;11,45;1434,87
1086;22.08.2022 14:00:00;3,95;-3,04;11,11;11,36;1435,20
1087;22.08.2022 15:00:00;3,80;-2,93;12,38;12,50;1436,18
1088;22.08.2022 16:00:00;4,28;-3,04;9,18;9,61;1434,16
1089;22.08.2022 17:00:00;4,32;-2,93;11,08;11,45;1436,78
1090;22.08.2022 18:00:00;4,36;-3,04;9,57;10,01;1434,99
1091;22.08.2022 19:00:00;4,39;-3,04;10,72;11,13;1436,64
1092;22.08.2022 20:00:00;4,32;-3,04;11,06;11,43;1436,76
1093;22.08.2022 21:00:00;4,28;-3,04;10,77;11,14;1436,22
1094;22.08.2022 22:00:00;4,21;-3,04;10,90;11,24;1436,07
1095;22.08.2022 23:00:00;4,17;-3,10;10,47;10,82;1435,35
1096;23.08.2022 00:00:00;4,06;-3,10;10,74;11,04;1435,20
1097;23.08.2022 01:00:00;3,99;-3,16;0,00;0,00;1420,93
1098;23.08.2022 02:00:00;3,91;-3,16;0,00;0,00;1420,59
1099;23.08.2022 03:00:00;3,84;-3,16;0,00;0,00;1420,25
1100;23.08.2022 04:00:00;3,73;-3,22;0,00;0,00;1419,74
1101;23.08.2022 05:00:00;3,69;-3,22;0,00;0,00;1419,57
1102;23.08.2022 06:00:00;3,69;-3,22;0,00;0,00;1419,57
1103;23.08.2022 07:00:00;3,09;-3,10;0,00;0,00;1416,81
1104;23.08.2022 08:00:00;7,45;-2,81;0,00;0,00;1436,07
1105;23.08.2022 09:00:00;8,72;-2,69;0,00;0,00;1441,30
1106;23.08.2022 10:00:00;8,75;-2,40;0,00;0,00;1441,44
1107;23.08.2022 11:00:00;13,78;-2,17;0,01;0,00;1460,77
1108;23.08.2022 12:00:00;19,11;-2,00;0,01;0,00;1478,92
1109;23.08.2022 13:00:00;24,01;-2,00;0,01;0,00;1493,58
1110;23.08.2022 14:00:00;22,19;-2,00;0,01;0,00;1488,35
1111;23.08.2022 15:00:00;20,30;-2,05;0,01;0,00;1482,65
1112;23.08.2022 16:00:00;19,98;-2,00;0,01;0,00;1481,64
1113;23.08.2022 17:00:00;18,36;-2,05;0,01;0,00;1476,52
1114;23.08.2022 18:00:00;17,13;-2,11;0,01;0,00;1472,45
1115;23.08.2022 19:00:00;18,90;-2,05;0,01;0,00;1478,26
1116;23.08.2022 20:00:00;17,76;-2,11;0,01;0,00;1474,55
1117;23.08.2022 21:00:00;15,82;-2,23;0,01;0,00;1468,00
1118;23.08.2022 22:00:00;14,83;-2,23;0,01;0,00;1464,56
1119;23.08.2022 23:00:00;13,90;-2,23;0,01;0,00;1461,23
1120;24.08.2022 00:00:00;12,80;-2,23;0,01;0,00;1457,19
1121;24.08.2022 01:00:00;11,87;-2,29;0,01;0,00;1453,72
1122;24.08.2022 02:00:00;11,26;-2,29;0,01;0,00;1451,38
1123;24.08.2022 03:00:00;10,94;-2,29;0,01;0,00;1450,13
1124;24.08.2022 04:00:00;10,71;-2,34;0,01;0,00;1449,24
1125;24.08.2022 05:00:00;10,45;-2,34;0,01;0,00;1448,22
1126;24.08.2022 06:00:00;12,29;-2,23;0,01;0,00;1455,29
1127;24.08.2022 07:00:00;14,46;-2,11;0,01;0,00;1463,24
1128;24.08.2022 08:00:00;15,88;-2,05;0,01;0,00;1468,22
1129;24.08.2022 09:00:00;18,72;-2,00;0,01;0,00;1477,68
1130;24.08.2022 10:00:00;18,24;-2,05;0,01;0,00;1476,13
1131;24.08.2022 11:00:00;21,92;-1,94;0,01;0,00;1487,57
1132;24.08.2022 12:00:00;22,45;-2,00;0,01;0,00;1489,13
1133;24.08.2022 13:00:00;21,63;-2,00;0,01;0,00;1486,69
1134;24.08.2022 14:00:00;22,34;-2,05;0,01;0,00;1488,78
