datetime,temp,depth,salinity,conduct,velocity
6/29/2022 12:00,12.12,-0.46,1.89,2.69,1456.97
6/29/2022 13:00,11.89,-0.46,1.9,2.69,1456.14
6/29/2022 14:00,11.96,-0.33,1.9,2.7,1456.38
6/29/2022 15:00,11.96,-0.33,1.9,2.7,1456.38
6/29/2022 16:00,10.5,-0.33,2,2.72,1450.91
6/29/2022 17:00,11.54,-0.39,1.94,2.72,1454.85
6/29/2022 18:00,11.67,-0.46,1.92,2.7,1455.31
6/29/2022 19:00,11.99,-0.39,1.9,2.7,1456.5
6/29/2022 20:00,11.77,-0.46,1.91,2.7,1455.67
6/29/2022 21:00,11.54,-0.52,1.92,2.7,1454.82
6/29/2022 22:00,11.64,-0.46,1.92,2.7,1455.19
6/29/2022 23:00,11.35,-0.46,1.94,2.7,1454.1
6/30/2022 0:00,11.38,-0.39,1.94,2.71,1454.23
6/30/2022 1:00,11.35,-0.21,1.94,2.71,1454.11
6/30/2022 2:00,10.83,-0.27,1.97,2.72,1452.15
6/30/2022 3:00,10.99,-0.27,1.97,2.72,1452.77
6/30/2022 4:00,12.31,-0.33,1.88,2.69,1457.67
6/30/2022 5:00,12.69,-0.27,1.86,2.69,1459.07
6/30/2022 6:00,12.37,-0.33,1.88,2.69,1457.9
6/30/2022 7:00,12.37,-0.33,1.88,2.69,1457.9
6/30/2022 8:00,12.37,-0.39,1.88,2.69,1457.9
6/30/2022 9:00,12.25,-0.39,1.88,2.69,1457.43
6/30/2022 10:00,12.94,-0.46,1.84,2.68,1459.97
6/30/2022 11:00,13.48,-0.27,1.82,2.69,1461.91
6/30/2022 12:00,13.39,-0.27,1.82,2.68,1461.57
6/30/2022 13:00,14.17,-0.21,1.78,2.68,1464.35
6/30/2022 14:00,14.79,-0.21,1.73,2.65,1466.49
6/30/2022 15:00,15.04,-0.14,1.72,2.65,1467.35
6/30/2022 16:00,14.94,-0.21,1.73,2.65,1467.02
6/30/2022 17:00,14.48,-0.21,1.75,2.65,1465.41
6/30/2022 18:00,14.57,-0.27,1.75,2.65,1465.74
6/30/2022 19:00,14.57,-0.27,1.75,2.65,1465.74
6/30/2022 20:00,14.7,-0.27,1.74,2.65,1466.17
6/30/2022 21:00,15.22,-0.39,1.72,2.65,1467.98
6/30/2022 22:00,15.13,-0.33,1.72,2.64,1467.65
6/30/2022 23:00,14.91,-0.39,1.72,2.64,1466.91
7/1/2022 0:00,14.6,-0.39,1.75,2.65,1465.84
7/1/2022 1:00,14.17,-0.33,1.76,2.65,1464.32
7/1/2022 2:00,13.73,-0.33,1.8,2.67,1462.79
7/1/2022 3:00,13.64,-0.39,1.8,2.66,1462.45
7/1/2022 4:00,13.01,-0.27,1.84,2.68,1460.21
7/1/2022 5:00,12.53,-0.39,1.86,2.68,1458.48
7/1/2022 6:00,12.21,-0.39,1.89,2.69,1457.32
7/1/2022 7:00,12.21,-0.46,1.89,2.69,1457.32
7/1/2022 8:00,12.12,-0.39,1.89,2.69,1456.97
7/1/2022 9:00,11.89,-0.52,1.9,2.69,1456.14
7/1/2022 10:00,11.89,-0.52,1.91,2.7,1456.14
7/1/2022 11:00,11.93,-0.46,1.9,2.7,1456.26
7/1/2022 12:00,12.31,-0.33,1.88,2.69,1457.67
7/1/2022 13:00,12.53,-0.39,1.87,2.69,1458.49
7/1/2022 14:00,12.82,-0.27,1.85,2.69,1459.53
7/1/2022 15:00,13.1,-0.27,1.83,2.68,1460.55
7/1/2022 16:00,12.85,-0.27,1.85,2.69,1459.64
7/1/2022 17:00,13.54,-0.27,1.82,2.69,1462.14
7/1/2022 18:00,13.67,-0.33,1.8,2.67,1462.57
7/1/2022 19:00,13.57,-0.46,1.8,2.67,1462.23
7/1/2022 20:00,14.57,-0.39,1.75,2.65,1465.74
7/1/2022 21:00,14.26,-0.39,1.76,2.65,1464.65
7/1/2022 22:00,14.29,-0.46,1.76,2.66,1464.76
7/1/2022 23:00,14.14,-0.39,1.77,2.66,1464.22
7/2/2022 0:00,14.01,-0.46,1.78,2.67,1463.78
7/2/2022 1:00,13.48,-0.33,1.8,2.66,1461.89
7/2/2022 2:00,12.98,-0.27,1.84,2.68,1460.1
7/2/2022 3:00,12.91,-0.33,1.84,2.68,1459.86
7/2/2022 4:00,13.07,-0.33,1.84,2.68,1460.44
7/2/2022 5:00,12.75,-0.39,1.85,2.68,1459.28
7/2/2022 6:00,12.53,-0.46,1.87,2.69,1458.49
7/2/2022 7:00,12.41,-0.39,1.87,2.69,1458.02
7/2/2022 8:00,12.31,-0.46,1.88,2.69,1457.67
7/2/2022 9:00,12.21,-0.46,1.88,2.69,1457.32
7/2/2022 10:00,12.31,-0.46,1.88,2.69,1457.67
7/2/2022 11:00,12.12,-0.39,1.89,2.69,1456.96
7/2/2022 12:00,11.67,-0.39,1.92,2.7,1455.31
7/2/2022 13:00,11.83,-0.39,1.91,2.7,1455.91
7/2/2022 14:00,12.6,-0.27,1.87,2.69,1458.72
7/2/2022 15:00,12.75,-0.27,1.86,2.69,1459.3
7/2/2022 16:00,12.94,-0.27,1.84,2.68,1459.98
7/2/2022 17:00,12.5,-0.27,1.86,2.68,1458.36
7/2/2022 18:00,12.44,-0.27,1.87,2.69,1458.14
7/2/2022 19:00,12.53,-0.27,1.87,2.69,1458.49
7/2/2022 20:00,12.66,-0.33,1.86,2.68,1458.95
7/2/2022 21:00,12.44,-0.46,1.87,2.69,1458.14
7/2/2022 22:00,12.82,-0.39,1.85,2.68,1459.52
7/2/2022 23:00,12.66,-0.33,1.86,2.68,1458.94
7/3/2022 0:00,12.53,-0.39,1.87,2.69,1458.48
7/3/2022 1:00,12.34,-0.33,1.87,2.69,1457.78
7/3/2022 2:00,12.05,-0.33,1.9,2.7,1456.73
7/3/2022 3:00,11.67,-0.27,1.91,2.69,1455.3
7/3/2022 4:00,11.18,-0.33,1.95,2.71,1453.5
7/3/2022 5:00,11.02,-0.27,1.96,2.71,1452.89
7/3/2022 6:00,10.7,-0.39,1.98,2.72,1451.66
7/3/2022 7:00,10.76,-0.39,1.98,2.72,1451.91
7/3/2022 8:00,10.66,-0.39,1.99,2.72,1451.53
7/3/2022 9:00,9.87,-0.46,2.03,2.72,1448.49
7/3/2022 10:00,9.97,-0.39,2.03,2.73,1448.89
7/3/2022 11:00,10.1,-0.46,2.02,2.73,1449.4
7/3/2022 12:00,9.84,-0.46,2.04,2.73,1448.38
7/3/2022 13:00,10.2,-0.39,2.02,2.73,1449.79
7/3/2022 14:00,9.94,-0.27,2.03,2.73,1448.76
7/3/2022 15:00,10.47,-0.27,2.01,2.73,1450.8
7/3/2022 16:00,10.76,-0.27,1.98,2.72,1451.91
7/3/2022 17:00,10.43,-0.27,2,2.72,1450.66
7/3/2022 18:00,10.4,-0.27,2,2.72,1450.54
7/3/2022 19:00,10.37,-0.27,2.01,2.73,1450.42
7/3/2022 20:00,10.24,-0.33,2.01,2.73,1449.91
7/3/2022 21:00,10.24,-0.46,2.01,2.73,1449.9
7/3/2022 22:00,10.14,-0.39,2.02,2.73,1449.53
7/3/2022 23:00,10.04,-0.39,2.03,2.73,1449.14
7/4/2022 0:00,9.97,-0.39,2.03,2.73,1448.89
7/4/2022 1:00,9.87,-0.39,2.04,2.73,1448.51
7/4/2022 2:00,9.61,-0.39,2.06,2.74,1447.48
7/4/2022 3:00,9.64,-0.39,2.05,2.74,1447.61
7/4/2022 4:00,9.64,-0.27,2.05,2.73,1447.61
7/4/2022 5:00,9.44,-0.27,2.07,2.73,1446.83
7/4/2022 6:00,9.24,-0.33,2.08,2.74,1446.05
7/4/2022 7:00,9.14,-0.39,2.09,2.74,1445.65
7/4/2022 8:00,9.14,-0.33,2.09,2.74,1445.65
7/4/2022 9:00,9.17,-0.52,2.09,2.74,1445.78
7/4/2022 10:00,9.24,-0.46,2.08,2.74,1446.04
7/4/2022 11:00,9.54,-0.46,2.07,2.74,1447.22
7/4/2022 12:00,9.77,-0.46,2.05,2.73,1448.12
7/4/2022 13:00,9.94,-0.39,2.04,2.73,1448.77
7/4/2022 14:00,10.17,-0.39,2.02,2.73,1449.65
7/4/2022 15:00,10.5,-0.39,2,2.73,1450.92
7/4/2022 16:00,10.76,-0.33,1.98,2.72,1451.91
7/4/2022 17:00,10.99,-0.27,1.97,2.72,1452.77
7/4/2022 18:00,11.12,-0.39,1.96,2.71,1453.26
7/4/2022 19:00,11.18,-0.46,1.96,2.72,1453.51
7/4/2022 20:00,11.18,-0.39,1.95,2.71,1453.5
7/4/2022 21:00,11.18,-0.46,1.95,2.71,1453.5
7/4/2022 22:00,11.09,-0.46,1.96,2.71,1453.13
7/4/2022 23:00,10.86,-0.39,1.97,2.71,1452.27
7/5/2022 0:00,11.22,-0.52,1.95,2.71,1453.62
7/5/2022 1:00,11.67,-0.46,1.93,2.71,1455.32
7/5/2022 2:00,11.57,-0.39,1.93,2.7,1454.95
7/5/2022 3:00,11.57,-0.39,1.93,2.7,1454.95
7/5/2022 4:00,11.54,-0.33,1.93,2.7,1454.83
7/5/2022 5:00,11.41,-0.33,1.93,2.7,1454.35
7/5/2022 6:00,11.38,-0.33,1.94,2.71,1454.23
7/5/2022 7:00,11.18,-0.39,1.95,2.71,1453.5
7/5/2022 8:00,11.02,-0.39,1.96,2.71,1452.89
7/5/2022 9:00,11.09,-0.39,1.96,2.71,1453.13
7/5/2022 10:00,11.28,-0.46,1.94,2.71,1453.86
7/5/2022 11:00,11.38,-0.46,1.94,2.71,1454.23
7/5/2022 12:00,11.93,-0.46,1.9,2.7,1456.26
7/5/2022 13:00,12.75,-0.46,1.86,2.7,1459.3
7/5/2022 14:00,12.91,-0.46,1.84,2.68,1459.86
7/5/2022 15:00,12.91,-0.46,1.85,2.69,1459.87
7/5/2022 16:00,13.13,-0.39,1.83,2.68,1460.66
7/5/2022 17:00,13.1,-0.33,1.83,2.68,1460.54
7/5/2022 18:00,12.98,-0.33,1.84,2.68,1460.1
7/5/2022 19:00,13.29,-0.39,1.82,2.68,1461.23
7/5/2022 20:00,13.35,-0.46,1.82,2.68,1461.45
7/5/2022 21:00,13.45,-0.46,1.82,2.68,1461.79
7/5/2022 22:00,13.42,-0.46,1.82,2.68,1461.68
7/5/2022 23:00,13.86,-0.46,1.8,2.68,1463.24
7/6/2022 0:00,14.2,-0.52,1.77,2.66,1464.44
7/6/2022 1:00,14.01,-0.46,1.78,2.66,1463.78
7/6/2022 2:00,13.95,-0.46,1.78,2.67,1463.56
7/6/2022 3:00,13.83,-0.39,1.79,2.67,1463.12
7/6/2022 4:00,13.64,-0.39,1.8,2.67,1462.46
7/6/2022 5:00,13.42,-0.33,1.81,2.67,1461.67
7/6/2022 6:00,13.13,-0.39,1.83,2.68,1460.66
7/6/2022 7:00,12.6,-0.39,1.85,2.67,1458.7
7/6/2022 8:00,12.88,-0.39,1.84,2.68,1459.75
7/6/2022 9:00,12.94,-0.52,1.84,2.68,1459.97
7/6/2022 10:00,12.66,-0.39,1.86,2.68,1458.94
7/6/2022 11:00,12.5,-0.52,1.87,2.68,1458.36
7/6/2022 12:00,12.79,-0.52,1.85,2.68,1459.4
7/6/2022 13:00,12.88,-0.46,1.85,2.69,1459.75
7/6/2022 14:00,13.54,-0.46,1.81,2.67,1462.12
7/6/2022 15:00,13.7,-0.46,1.8,2.67,1462.68
7/6/2022 16:00,13.7,-0.52,1.8,2.67,1462.68
7/6/2022 17:00,13.89,-0.46,1.79,2.67,1463.34
7/6/2022 18:00,14.14,-0.39,1.77,2.66,1464.22
7/6/2022 19:00,14.14,-0.46,1.77,2.66,1464.22
7/6/2022 20:00,14.08,-0.46,1.78,2.66,1464
7/6/2022 21:00,14.08,-0.52,1.78,2.66,1464
7/6/2022 22:00,13.89,-0.52,1.79,2.67,1463.34
7/6/2022 23:00,13.67,-0.58,1.8,2.67,1462.56
7/7/2022 0:00,13.23,-0.58,1.83,2.68,1461
7/7/2022 1:00,12.98,-0.52,1.84,2.68,1460.09
7/7/2022 2:00,12.94,-0.58,1.84,2.68,1459.97
7/7/2022 3:00,12.44,-0.58,1.86,2.68,1458.12
7/7/2022 4:00,12.02,-0.52,1.9,2.7,1456.61
7/7/2022 5:00,10.89,-0.52,1.95,2.69,1452.38
7/7/2022 6:00,10.76,-0.46,1.98,2.72,1451.9
7/7/2022 7:00,11.15,-0.52,1.96,2.72,1453.39
7/7/2022 8:00,10.96,-0.39,1.97,2.71,1452.64
7/7/2022 9:00,11.02,-0.39,1.96,2.71,1452.89
7/7/2022 10:00,10.37,-0.46,2.01,2.72,1450.41
7/7/2022 11:00,10.66,-0.58,1.99,2.72,1451.53
7/7/2022 12:00,10.92,-0.39,1.97,2.72,1452.53
7/7/2022 13:00,11.6,-0.52,1.94,2.72,1455.08
7/7/2022 14:00,11.77,-0.52,1.91,2.7,1455.66
7/7/2022 15:00,12.31,-0.52,1.89,2.7,1457.68
7/7/2022 16:00,12.41,-0.58,1.87,2.69,1458.02
7/7/2022 17:00,12.56,-0.46,1.87,2.69,1458.6
7/7/2022 18:00,12.41,-0.46,1.87,2.69,1458.02
7/7/2022 19:00,12.47,-0.46,1.87,2.69,1458.25
7/7/2022 20:00,12.6,-0.46,1.87,2.69,1458.72
7/7/2022 21:00,12.47,-0.52,1.87,2.69,1458.25
7/7/2022 22:00,12.47,-0.52,1.87,2.69,1458.25
7/7/2022 23:00,12.21,-0.46,1.88,2.69,1457.31
7/8/2022 0:00,12.18,-0.46,1.89,2.69,1457.2
7/8/2022 1:00,12.02,-0.64,1.9,2.69,1456.61
7/8/2022 2:00,12.02,-0.58,1.9,2.7,1456.62
7/8/2022 3:00,11.8,-0.46,1.91,2.7,1455.78
7/8/2022 4:00,11.7,-0.39,1.92,2.71,1455.43
7/8/2022 5:00,11.6,-0.52,1.92,2.7,1455.07
7/8/2022 6:00,11.51,-0.39,1.93,2.7,1454.71
7/8/2022 7:00,11.31,-0.33,1.94,2.7,1453.98
7/8/2022 8:00,11.22,-0.39,1.95,2.71,1453.62
7/8/2022 9:00,11.15,-0.39,1.95,2.71,1453.38
7/8/2022 10:00,11.12,-0.39,1.96,2.71,1453.26
7/8/2022 11:00,11.15,-0.46,1.95,2.71,1453.38
7/8/2022 12:00,11.12,-0.46,1.96,2.71,1453.25
7/8/2022 13:00,11.25,-0.46,1.95,2.71,1453.74
7/8/2022 14:00,11.41,-0.46,1.94,2.71,1454.35
7/8/2022 15:00,11.77,-0.46,1.92,2.71,1455.67
7/8/2022 16:00,11.86,-0.52,1.91,2.7,1456.02
7/8/2022 17:00,11.86,-0.52,1.91,2.7,1456.02
7/8/2022 18:00,11.8,-0.52,1.92,2.71,1455.79
7/8/2022 19:00,11.86,-0.46,1.91,2.7,1456.02
7/8/2022 20:00,12.09,-0.52,1.89,2.69,1456.85
7/8/2022 21:00,12.21,-0.46,1.89,2.69,1457.32
7/8/2022 22:00,12.15,-0.52,1.89,2.69,1457.08
7/8/2022 23:00,12.05,-0.58,1.9,2.7,1456.73
7/9/2022 0:00,12.28,-0.58,1.88,2.69,1457.55
7/9/2022 1:00,12.21,-0.58,1.88,2.69,1457.31
7/9/2022 2:00,11.86,-0.58,1.91,2.7,1456.02
7/9/2022 3:00,11.7,-0.52,1.92,2.7,1455.42
7/9/2022 4:00,11.54,-0.58,1.93,2.7,1454.83
7/9/2022 5:00,10.6,-0.58,1.98,2.71,1451.27
7/9/2022 6:00,10.56,-0.52,1.99,2.72,1451.16
7/9/2022 7:00,10.24,-0.52,2.01,2.72,1449.9
7/9/2022 8:00,9.41,-0.46,2.07,2.74,1446.7
7/9/2022 9:00,9.97,-0.46,2.04,2.74,1448.9
7/9/2022 10:00,9.94,-0.33,2.03,2.73,1448.76
7/9/2022 11:00,10.4,-0.33,2.01,2.73,1450.54
7/9/2022 12:00,10.73,-0.46,1.98,2.72,1451.78
7/9/2022 13:00,10.99,-0.52,1.97,2.72,1452.77
7/9/2022 14:00,11.12,-0.52,1.96,2.71,1453.25
7/9/2022 15:00,12.47,-0.52,1.89,2.71,1458.27
7/9/2022 16:00,12.69,-0.46,1.86,2.69,1459.06
7/9/2022 17:00,12.85,-0.52,1.85,2.69,1459.64
7/9/2022 18:00,13.39,-0.52,1.82,2.68,1461.56
7/9/2022 19:00,13.54,-0.52,1.81,2.68,1462.12
7/9/2022 20:00,13.45,-0.52,1.81,2.68,1461.79
7/9/2022 21:00,13.39,-0.52,1.82,2.68,1461.56
7/9/2022 22:00,13.2,-0.46,1.83,2.68,1460.89
7/9/2022 23:00,12.88,-0.58,1.84,2.68,1459.74
7/10/2022 0:00,12.5,-0.64,1.87,2.69,1458.36
7/10/2022 1:00,12.31,-0.58,1.88,2.69,1457.66
7/10/2022 2:00,12.12,-0.58,1.89,2.69,1456.96
7/10/2022 3:00,11.8,-0.58,1.91,2.69,1455.78
7/10/2022 4:00,11.57,-0.64,1.93,2.7,1454.95
7/10/2022 5:00,11.28,-0.58,1.94,2.7,1453.86
7/10/2022 6:00,10.1,-0.52,2.02,2.73,1449.4
7/10/2022 7:00,10.4,-0.46,2.01,2.73,1450.54
7/10/2022 8:00,10.24,-0.46,2.01,2.73,1449.9
7/10/2022 9:00,9.67,-0.39,2.04,2.72,1447.73
7/10/2022 10:00,9.67,-0.39,2.05,2.73,1447.74
7/10/2022 11:00,9.51,-0.33,2.06,2.73,1447.09
7/10/2022 12:00,9.81,-0.33,2.04,2.73,1448.25
7/10/2022 13:00,9.81,-0.39,2.04,2.73,1448.25
7/10/2022 14:00,9.84,-0.39,2.04,2.73,1448.38
7/10/2022 15:00,10.6,-0.39,2,2.74,1451.3
7/10/2022 16:00,11.83,-0.39,1.91,2.7,1455.9
7/10/2022 17:00,11.86,-0.39,1.91,2.7,1456.02
7/10/2022 18:00,12.15,-0.39,1.89,2.69,1457.08
7/10/2022 19:00,12.25,-0.39,1.88,2.69,1457.44
7/10/2022 20:00,12.25,-0.39,1.88,2.69,1457.44
7/10/2022 21:00,12.12,-0.39,1.89,2.69,1456.96
7/10/2022 22:00,12.15,-0.33,1.89,2.69,1457.09
7/10/2022 23:00,12.02,-0.33,1.9,2.69,1456.61
7/11/2022 0:00,11.89,-0.46,1.91,2.7,1456.15
7/11/2022 1:00,11.7,-0.46,1.92,2.7,1455.43
7/11/2022 2:00,11.48,-0.46,1.94,2.71,1454.59
7/11/2022 3:00,11.35,-0.46,1.94,2.71,1454.11
7/11/2022 4:00,11.28,-0.39,1.95,2.71,1453.87
7/11/2022 5:00,11.18,-0.52,1.95,2.71,1453.5
7/11/2022 6:00,10.92,-0.33,1.97,2.71,1452.52
7/11/2022 7:00,10.99,-0.33,1.97,2.72,1452.77
7/11/2022 8:00,10.83,-0.33,1.97,2.72,1452.15
7/11/2022 9:00,10.43,-0.21,2,2.72,1450.66
7/11/2022 10:00,10.79,-0.21,1.98,2.72,1452.03
7/11/2022 11:00,10.83,-0.14,1.98,2.72,1452.16
7/11/2022 12:00,11.05,-0.14,1.96,2.71,1453.02
7/11/2022 13:00,11.25,-0.14,1.95,2.71,1453.75
7/11/2022 14:00,11.41,-0.21,1.94,2.71,1454.35
7/11/2022 15:00,11.51,-0.21,1.94,2.71,1454.72
7/11/2022 16:00,11.7,-0.21,1.92,2.71,1455.44
7/11/2022 17:00,11.89,-0.27,1.91,2.7,1456.15
7/11/2022 18:00,12.12,-0.33,1.89,2.69,1456.97
7/11/2022 19:00,12.31,-0.33,1.88,2.69,1457.67
7/11/2022 20:00,12.18,-0.33,1.89,2.69,1457.2
7/11/2022 21:00,11.86,-0.27,1.9,2.69,1456.02
7/11/2022 22:00,11.93,-0.33,1.9,2.7,1456.26
7/11/2022 23:00,12.05,-0.39,1.9,2.7,1456.73
7/12/2022 0:00,12.28,-0.27,1.88,2.69,1457.56
7/12/2022 1:00,12.21,-0.33,1.88,2.69,1457.32
7/12/2022 2:00,12.25,-0.39,1.88,2.69,1457.44
7/12/2022 3:00,12.31,-0.46,1.88,2.69,1457.67
7/12/2022 4:00,12.18,-0.52,1.89,2.69,1457.2
7/12/2022 5:00,11.8,-0.52,1.91,2.7,1455.78
7/12/2022 6:00,11.77,-0.46,1.92,2.71,1455.67
7/12/2022 7:00,11.44,-0.46,1.93,2.71,1454.47
7/12/2022 8:00,11.28,-0.46,1.94,2.71,1453.86
7/12/2022 9:00,10.66,-0.46,1.98,2.71,1451.52
7/12/2022 10:00,10.53,-0.39,1.99,2.72,1451.04
7/12/2022 11:00,10.4,-0.27,2,2.72,1450.53
7/12/2022 12:00,10.37,-0.27,2.01,2.73,1450.42
7/12/2022 13:00,10.34,-0.27,2.01,2.73,1450.29
7/12/2022 14:00,10.3,-0.27,2.01,2.72,1450.16
7/12/2022 15:00,10.24,-0.39,2.02,2.73,1449.91
7/12/2022 16:00,10.24,-0.39,2.01,2.73,1449.91
7/12/2022 17:00,10.2,-0.39,2.02,2.73,1449.78
7/12/2022 18:00,10.2,-0.39,2.02,2.73,1449.78
7/12/2022 19:00,10.24,-0.52,2.01,2.73,1449.9
7/12/2022 20:00,10.17,-0.46,2.02,2.73,1449.65
7/12/2022 21:00,10.04,-0.46,2.03,2.73,1449.14
7/12/2022 22:00,9.91,-0.39,2.04,2.73,1448.64
7/12/2022 23:00,9.81,-0.39,2.04,2.73,1448.25
7/13/2022 0:00,9.71,-0.39,2.05,2.73,1447.87
7/13/2022 1:00,9.64,-0.39,2.05,2.73,1447.61
7/13/2022 2:00,9.44,-0.46,2.07,2.74,1446.83
7/13/2022 3:00,9.34,-0.52,2.07,2.74,1446.43
7/13/2022 4:00,9.21,-0.46,2.08,2.74,1445.91
7/13/2022 5:00,8.97,-0.52,2.1,2.74,1444.98
7/13/2022 6:00,8.84,-0.58,2.11,2.75,1444.45
7/13/2022 7:00,8.74,-0.52,2.12,2.75,1444.05
7/13/2022 8:00,8.57,-0.58,2.13,2.75,1443.38
7/13/2022 9:00,8.4,-0.52,2.14,2.75,1442.7
7/13/2022 10:00,8.3,-0.39,2.15,2.75,1442.3
7/13/2022 11:00,8.19,-0.33,2.15,2.75,1441.89
7/13/2022 12:00,8.16,-0.33,2.16,2.76,1441.75
7/13/2022 13:00,8.09,-0.21,2.16,2.76,1441.48
7/13/2022 14:00,8.4,-0.33,2.14,2.75,1442.71
7/13/2022 15:00,7.58,-0.21,2.19,2.75,1439.38
7/13/2022 16:00,7.89,-0.33,2.18,2.76,1440.65
7/13/2022 17:00,7.99,-0.33,2.17,2.76,1441.07
7/13/2022 18:00,7.82,-0.39,2.18,2.76,1440.37
7/13/2022 19:00,7.71,-0.33,2.19,2.76,1439.95
7/13/2022 20:00,7.44,-0.39,2.21,2.76,1438.83
7/13/2022 21:00,7.44,-0.39,2.21,2.76,1438.83
7/13/2022 22:00,7.47,-0.39,2.21,2.76,1438.97
7/13/2022 23:00,7.3,-0.27,2.22,2.76,1438.26
7/14/2022 0:00,7.37,-0.27,2.22,2.77,1438.55
7/14/2022 1:00,7.13,-0.21,2.23,2.77,1437.55
7/14/2022 2:00,7.09,-0.21,2.24,2.77,1437.41
7/14/2022 3:00,7.06,-0.27,2.24,2.77,1437.27
7/14/2022 4:00,6.71,-0.39,2.27,2.77,1435.82
7/14/2022 5:00,6.18,-0.33,2.3,2.77,1433.61
7/14/2022 6:00,6.14,-0.46,2.31,2.78,1433.46
7/14/2022 7:00,6.14,-0.33,2.31,2.78,1433.46
7/14/2022 8:00,6.18,-0.39,2.31,2.78,1433.61
7/14/2022 9:00,5.97,-0.39,2.32,2.78,1432.71
7/14/2022 10:00,5.72,-0.27,2.34,2.78,1431.66
7/14/2022 11:00,4.23,-0.21,2.45,2.78,1425.22
7/14/2022 12:00,5.36,-0.08,2.37,2.79,1430.13
7/14/2022 13:00,6.74,-0.14,2.28,2.79,1435.99
7/14/2022 14:00,7.16,-0.08,2.23,2.77,1437.7
7/14/2022 15:00,7.44,-0.08,2.21,2.77,1438.84
7/14/2022 16:00,7.65,-0.08,2.2,2.76,1439.68
7/14/2022 17:00,7.33,-0.14,2.22,2.76,1438.41
7/14/2022 18:00,7.37,-0.14,2.22,2.77,1438.55
7/14/2022 19:00,7.82,-0.27,2.19,2.77,1440.38
7/14/2022 20:00,7.82,-0.27,2.18,2.76,1440.37
7/14/2022 21:00,7.82,-0.33,2.18,2.76,1440.37
7/14/2022 22:00,7.89,-0.27,2.18,2.76,1440.65
7/14/2022 23:00,7.78,-0.33,2.18,2.76,1440.23
7/15/2022 0:00,7.51,-0.27,2.21,2.76,1439.11
7/15/2022 1:00,7.65,-0.21,2.2,2.76,1439.68
7/15/2022 2:00,6.92,-0.27,2.25,2.77,1436.69
7/15/2022 3:00,6.81,-0.27,2.26,2.77,1436.26
7/15/2022 4:00,6.71,-0.27,2.27,2.77,1435.82
7/15/2022 5:00,6.67,-0.33,2.27,2.77,1435.67
7/15/2022 6:00,6.6,-0.39,2.27,2.77,1435.38
7/15/2022 7:00,7.06,-0.39,2.24,2.78,1437.27
7/15/2022 8:00,6.6,-0.46,2.27,2.77,1435.38
7/15/2022 9:00,6.71,-0.46,2.27,2.77,1435.82
7/15/2022 10:00,6.53,-0.46,2.28,2.78,1435.09
7/15/2022 11:00,6.39,-0.33,2.29,2.78,1434.5
7/15/2022 12:00,5.82,-0.27,2.33,2.78,1432.12
7/15/2022 13:00,6.5,-0.27,2.29,2.78,1434.95
7/15/2022 14:00,6.53,-0.21,2.28,2.78,1435.09
7/15/2022 15:00,6.6,-0.14,2.27,2.78,1435.39
7/15/2022 16:00,6.57,-0.14,2.28,2.77,1435.24
7/15/2022 17:00,6.67,-0.21,2.27,2.78,1435.68
7/15/2022 18:00,6.85,-0.27,2.26,2.77,1436.4
7/15/2022 19:00,7.13,-0.33,2.24,2.77,1437.56
7/15/2022 20:00,7.2,-0.33,2.23,2.77,1437.84
7/15/2022 21:00,7.61,-0.27,2.2,2.77,1439.54
7/15/2022 22:00,7.95,-0.39,2.17,2.76,1440.93
7/15/2022 23:00,7.95,-0.33,2.17,2.76,1440.93
7/16/2022 0:00,8.02,-0.33,2.17,2.76,1441.2
7/16/2022 1:00,7.99,-0.27,2.17,2.76,1441.07
7/16/2022 2:00,7.85,-0.21,2.18,2.76,1440.51
7/16/2022 3:00,7.68,-0.27,2.19,2.76,1439.81
7/16/2022 4:00,7.58,-0.21,2.2,2.76,1439.4
7/16/2022 5:00,7.4,-0.33,2.21,2.76,1438.69
7/16/2022 6:00,7.3,-0.39,2.22,2.77,1438.26
7/16/2022 7:00,7.23,-0.46,2.23,2.77,1437.98
7/16/2022 8:00,7.09,-0.39,2.24,2.77,1437.41
7/16/2022 9:00,6.78,-0.46,2.26,2.77,1436.1
7/16/2022 10:00,6.39,-0.52,2.29,2.78,1434.5
7/16/2022 11:00,6.29,-0.39,2.3,2.78,1434.06
7/16/2022 12:00,6.29,-0.39,2.3,2.78,1434.06
7/16/2022 13:00,6.11,-0.33,2.31,2.78,1433.31
7/16/2022 14:00,6.04,-0.33,2.32,2.78,1433.02
7/16/2022 15:00,6.07,-0.27,2.31,2.78,1433.17
7/16/2022 16:00,6.29,-0.27,2.3,2.78,1434.06
7/16/2022 17:00,6.78,-0.27,2.27,2.78,1436.12
7/16/2022 18:00,6.95,-0.33,2.25,2.77,1436.83
7/16/2022 19:00,7.13,-0.33,2.24,2.77,1437.55
7/16/2022 20:00,7.33,-0.52,2.22,2.77,1438.4
7/16/2022 21:00,7.3,-0.46,2.22,2.77,1438.26
7/16/2022 22:00,7.54,-0.46,2.2,2.76,1439.25
7/16/2022 23:00,7.58,-0.46,2.2,2.76,1439.39
7/17/2022 0:00,7.4,-0.39,2.21,2.77,1438.69
7/17/2022 1:00,7.23,-0.33,2.22,2.76,1437.98
7/17/2022 2:00,7.02,-0.39,2.24,2.77,1437.12
7/17/2022 3:00,6.88,-0.39,2.25,2.77,1436.54
7/17/2022 4:00,6.64,-0.39,2.27,2.77,1435.53
7/17/2022 5:00,6.53,-0.46,2.28,2.77,1435.09
7/17/2022 6:00,6.36,-0.46,2.29,2.78,1434.35
7/17/2022 7:00,6.29,-0.46,2.3,2.78,1434.06
7/17/2022 8:00,6.07,-0.46,2.31,2.78,1433.16
7/17/2022 9:00,6.04,-0.58,2.32,2.78,1433.01
7/17/2022 10:00,6.07,-0.58,2.31,2.78,1433.16
7/17/2022 11:00,6.25,-0.58,2.3,2.78,1433.91
7/17/2022 12:00,6.6,-0.46,2.27,2.77,1435.38
7/17/2022 13:00,6.67,-0.46,2.27,2.77,1435.67
7/17/2022 14:00,7.16,-0.39,2.23,2.77,1437.69
7/17/2022 15:00,7.51,-0.39,2.21,2.77,1439.12
7/17/2022 16:00,7.92,-0.39,2.18,2.76,1440.79
7/17/2022 17:00,8.33,-0.46,2.15,2.76,1442.44
7/17/2022 18:00,8.74,-0.39,2.12,2.75,1444.06
7/17/2022 19:00,9.11,-0.39,2.1,2.75,1445.52
7/17/2022 20:00,9.51,-0.52,2.06,2.74,1447.09
7/17/2022 21:00,9.91,-0.52,2.04,2.74,1448.64
7/17/2022 22:00,9.67,-0.58,2.05,2.73,1447.73
7/17/2022 23:00,9.57,-0.58,2.06,2.73,1447.34
7/18/2022 0:00,9.24,-0.52,2.08,2.74,1446.04
7/18/2022 1:00,9.11,-0.39,2.09,2.74,1445.52
7/18/2022 2:00,9.04,-0.46,2.1,2.74,1445.25
7/18/2022 3:00,8.97,-0.33,2.1,2.74,1444.99
7/18/2022 4:00,8.91,-0.39,2.11,2.75,1444.72
7/18/2022 5:00,8.8,-0.46,2.11,2.75,1444.32
7/18/2022 6:00,8.23,-0.39,2.15,2.75,1442.03
7/18/2022 7:00,8.4,-0.46,2.14,2.75,1442.71
7/18/2022 8:00,8.06,-0.46,2.17,2.76,1441.34
7/18/2022 9:00,8.47,-0.52,2.14,2.76,1442.98
7/18/2022 10:00,8.77,-0.52,2.11,2.75,1444.19
7/18/2022 11:00,9.04,-0.52,2.1,2.75,1445.26
7/18/2022 12:00,8.97,-0.52,2.1,2.74,1444.99
7/18/2022 13:00,9.21,-0.46,2.09,2.74,1445.92
7/18/2022 14:00,9.54,-0.39,2.06,2.74,1447.22
7/18/2022 15:00,9.81,-0.46,2.05,2.74,1448.25
7/18/2022 16:00,10.07,-0.46,2.03,2.73,1449.27
7/18/2022 17:00,10.07,-0.39,2.03,2.73,1449.27
7/18/2022 18:00,10.07,-0.33,2.03,2.73,1449.27
7/18/2022 19:00,10.04,-0.39,2.03,2.73,1449.14
7/18/2022 20:00,10.04,-0.52,2.03,2.73,1449.14
7/18/2022 21:00,10.17,-0.46,2.02,2.73,1449.65
7/18/2022 22:00,10.17,-0.52,2.02,2.73,1449.65
7/18/2022 23:00,9.27,-0.39,2.07,2.72,1446.16
7/19/2022 0:00,8.8,-0.39,2.11,2.75,1444.32
7/19/2022 1:00,8.64,-0.39,2.12,2.75,1443.65
7/19/2022 2:00,8.5,-0.39,2.13,2.75,1443.11
7/19/2022 3:00,8.43,-0.27,2.14,2.75,1442.84
7/19/2022 4:00,8.4,-0.21,2.14,2.75,1442.71
7/19/2022 5:00,8.53,-0.14,2.13,2.75,1443.25
7/19/2022 6:00,8.43,-0.14,2.14,2.75,1442.85
7/19/2022 7:00,8.33,-0.27,2.14,2.75,1442.44
7/19/2022 8:00,8.23,-0.27,2.15,2.75,1442.03
7/19/2022 9:00,8.13,-0.33,2.16,2.75,1441.61
7/19/2022 10:00,8.23,-0.33,2.15,2.75,1442.03
7/19/2022 11:00,8.57,-0.33,2.13,2.76,1443.39
7/19/2022 12:00,8.97,-0.39,2.1,2.74,1444.99
7/19/2022 13:00,9.04,-0.46,2.1,2.74,1445.25
7/19/2022 14:00,9.27,-0.39,2.08,2.74,1446.18
7/19/2022 15:00,9.17,-0.46,2.09,2.74,1445.78
7/19/2022 16:00,9.37,-0.46,2.07,2.74,1446.57
7/19/2022 17:00,9.34,-0.58,2.07,2.74,1446.43
7/19/2022 18:00,9.54,-0.46,2.06,2.74,1447.22
7/19/2022 19:00,9.71,-0.46,2.05,2.74,1447.87
7/19/2022 20:00,9.87,-0.64,2.04,2.73,1448.5
7/19/2022 21:00,9.64,-0.58,2.05,2.73,1447.6
7/19/2022 22:00,9.71,-0.64,2.05,2.73,1447.86
7/19/2022 23:00,9.74,-0.71,2.05,2.73,1447.99
7/20/2022 0:00,9.64,-0.64,2.05,2.73,1447.6
7/20/2022 1:00,9.57,-0.64,2.06,2.73,1447.34
7/20/2022 2:00,9.37,-0.64,2.07,2.74,1446.56
7/20/2022 3:00,9.31,-0.64,2.08,2.74,1446.3
7/20/2022 4:00,9.21,-0.52,2.08,2.74,1445.91
7/20/2022 5:00,9.01,-0.52,2.1,2.74,1445.12
7/20/2022 6:00,8.97,-0.46,2.1,2.74,1444.99
7/20/2022 7:00,9.04,-0.46,2.1,2.74,1445.25
7/20/2022 8:00,8.87,-0.58,2.11,2.75,1444.59
7/20/2022 9:00,8.77,-0.64,2.11,2.75,1444.18
7/20/2022 10:00,9.34,-0.52,2.07,2.74,1446.44
7/20/2022 11:00,9.67,-0.64,2.06,2.74,1447.74
7/20/2022 12:00,10.17,-0.58,2.02,2.73,1449.65
7/20/2022 13:00,10.37,-0.58,2.01,2.73,1450.41
7/20/2022 14:00,10.76,-0.58,1.98,2.72,1451.9
7/20/2022 15:00,10.73,-0.58,1.98,2.72,1451.78
7/20/2022 16:00,11.93,-0.58,1.9,2.7,1456.26
7/20/2022 17:00,12.41,-0.52,1.88,2.7,1458.03
7/20/2022 18:00,13.1,-0.52,1.83,2.68,1460.55
7/20/2022 19:00,13.1,-0.58,1.83,2.68,1460.54
7/20/2022 20:00,13.26,-0.52,1.83,2.68,1461.11
7/20/2022 21:00,13.76,-0.58,1.8,2.68,1462.91
7/20/2022 22:00,14.32,-0.58,1.76,2.66,1464.87
7/20/2022 23:00,14.36,-0.58,1.76,2.66,1464.98
7/21/2022 0:00,13.79,-0.58,1.79,2.67,1463.01
7/21/2022 1:00,12.66,-0.64,1.84,2.66,1458.92
7/21/2022 2:00,11.83,-0.64,1.91,2.7,1455.9
7/21/2022 3:00,11.25,-0.71,1.94,2.7,1453.73
7/21/2022 4:00,10.63,-0.71,1.99,2.72,1451.4
7/21/2022 5:00,10.1,-0.64,2.02,2.72,1449.39
7/21/2022 6:00,9.84,-0.58,2.04,2.73,1448.38
7/21/2022 7:00,9.31,-0.64,2.07,2.73,1446.29
7/21/2022 8:00,8.97,-0.64,2.1,2.74,1444.98
7/21/2022 9:00,8.77,-0.64,2.11,2.74,1444.18
7/21/2022 10:00,8.8,-0.71,2.11,2.75,1444.32
7/21/2022 11:00,8.94,-0.77,2.1,2.75,1444.85
7/21/2022 12:00,9.17,-0.77,2.09,2.74,1445.78
7/21/2022 13:00,9.47,-0.71,2.07,2.74,1446.96
7/21/2022 14:00,9.71,-0.71,2.05,2.73,1447.86
7/21/2022 15:00,9.84,-0.77,2.04,2.73,1448.38
7/21/2022 16:00,9.94,-0.77,2.03,2.73,1448.76
7/21/2022 17:00,10.14,-0.77,2.02,2.73,1449.52
7/21/2022 18:00,10.17,-0.77,2.02,2.73,1449.65
7/21/2022 19:00,10.14,-0.77,2.02,2.73,1449.52
7/21/2022 20:00,9.87,-0.71,2.04,2.73,1448.5
7/21/2022 21:00,9.67,-0.77,2.05,2.73,1447.73
7/21/2022 22:00,9.44,-0.77,2.07,2.74,1446.82
7/21/2022 23:00,9.24,-0.89,2.08,2.74,1446.03
7/22/2022 0:00,9.07,-0.89,2.09,2.74,1445.38
7/22/2022 1:00,8.94,-0.95,2.1,2.74,1444.84
7/22/2022 2:00,8.84,-0.89,2.11,2.75,1444.45
7/22/2022 3:00,8.7,-0.83,2.12,2.75,1443.91
7/22/2022 4:00,8.57,-0.89,2.13,2.75,1443.38
7/22/2022 5:00,8.47,-0.83,2.14,2.75,1442.97
7/22/2022 6:00,8.26,-0.83,2.15,2.75,1442.16
7/22/2022 7:00,8.36,-0.77,2.15,2.75,1442.57
7/22/2022 8:00,8.26,-0.71,2.15,2.75,1442.16
7/22/2022 9:00,8.16,-0.64,2.16,2.75,1441.75
7/22/2022 10:00,8.02,-0.71,2.17,2.76,1441.2
7/22/2022 11:00,8.13,-0.71,2.16,2.76,1441.61
7/22/2022 12:00,8.23,-0.71,2.15,2.75,1442.02
7/22/2022 13:00,8.16,-0.64,2.16,2.75,1441.75
7/22/2022 14:00,8.3,-0.71,2.15,2.75,1442.29
7/22/2022 15:00,8.36,-0.71,2.14,2.75,1442.57
7/22/2022 16:00,8.43,-0.71,2.14,2.75,1442.84
7/22/2022 17:00,8.47,-0.71,2.14,2.75,1442.97
7/22/2022 18:00,8.5,-0.64,2.13,2.75,1443.11
7/22/2022 19:00,8.7,-0.58,2.12,2.75,1443.92
7/22/2022 20:00,8.64,-0.52,2.12,2.75,1443.65
7/22/2022 21:00,8.53,-0.58,2.13,2.75,1443.24
7/22/2022 22:00,8.47,-0.58,2.14,2.75,1442.98
7/22/2022 23:00,8.36,-0.58,2.14,2.75,1442.57
7/23/2022 0:00,8.16,-0.64,2.16,2.76,1441.75
7/23/2022 1:00,8.06,-0.58,2.16,2.76,1441.34
7/23/2022 2:00,7.92,-0.64,2.18,2.76,1440.78
7/23/2022 3:00,7.89,-0.58,2.18,2.76,1440.65
7/23/2022 4:00,7.71,-0.52,2.19,2.76,1439.95
7/23/2022 5:00,7.75,-0.52,2.19,2.76,1440.09
7/23/2022 6:00,7.51,-0.52,2.21,2.76,1439.11
7/23/2022 7:00,7.37,-0.46,2.21,2.76,1438.54
7/23/2022 8:00,7.37,-0.39,2.22,2.77,1438.55
7/23/2022 9:00,7.37,-0.39,2.22,2.77,1438.55
7/23/2022 10:00,7.37,-0.39,2.22,2.77,1438.55
7/23/2022 11:00,7.37,-0.39,2.22,2.77,1438.55
7/23/2022 12:00,7.4,-0.46,2.21,2.77,1438.69
7/23/2022 13:00,7.47,-0.46,2.21,2.77,1438.97
7/23/2022 14:00,7.61,-0.46,2.2,2.76,1439.53
7/23/2022 15:00,7.68,-0.39,2.19,2.76,1439.81
7/23/2022 16:00,7.85,-0.52,2.18,2.76,1440.51
7/23/2022 17:00,7.89,-0.52,2.18,2.76,1440.65
7/23/2022 18:00,7.85,-0.58,2.18,2.76,1440.51
7/23/2022 19:00,7.89,-0.52,2.18,2.76,1440.65
7/23/2022 20:00,7.92,-0.52,2.18,2.76,1440.79
7/23/2022 21:00,7.89,-0.52,2.18,2.76,1440.65
7/23/2022 22:00,7.92,-0.52,2.18,2.76,1440.79
7/23/2022 23:00,7.85,-0.58,2.18,2.76,1440.51
7/24/2022 0:00,7.78,-0.52,2.19,2.76,1440.23
7/24/2022 1:00,7.82,-0.58,2.18,2.76,1440.37
7/24/2022 2:00,7.65,-0.58,2.2,2.76,1439.67
7/24/2022 3:00,7.54,-0.58,2.2,2.76,1439.25
7/24/2022 4:00,7.44,-0.58,2.21,2.76,1438.83
7/24/2022 5:00,7.37,-0.58,2.22,2.76,1438.54
7/24/2022 6:00,7.37,-0.64,2.22,2.77,1438.54
7/24/2022 7:00,7.27,-0.58,2.22,2.77,1438.12
7/24/2022 8:00,7.61,-0.52,2.2,2.76,1439.53
7/24/2022 9:00,7.3,-0.52,2.22,2.76,1438.26
7/24/2022 10:00,6.85,-0.52,3.06,3.69,1437.41
7/24/2022 11:00,6.6,-0.39,4.52,5.29,1438.24
7/24/2022 12:00,6.43,-0.46,5.74,6.58,1439.04
7/24/2022 13:00,6.71,-0.46,5.99,6.91,1440.56
7/24/2022 14:00,6.07,-0.39,7.06,7.91,1439.23
7/24/2022 15:00,6.5,-0.52,7.52,8.49,1441.61
7/24/2022 16:00,6.71,-0.46,7.9,8.94,1442.98
7/24/2022 17:00,5.97,-0.52,8.31,9.18,1440.37
7/24/2022 18:00,6.14,-0.52,8.59,9.51,1441.48
7/24/2022 19:00,6.07,-0.58,8.9,9.81,1441.58
7/24/2022 20:00,6.32,-0.64,9.1,10.08,1442.88
7/24/2022 21:00,7.78,-0.58,7.48,8.74,1446.9
7/24/2022 22:00,8.4,-0.58,6.42,7.71,1448.07
7/24/2022 23:00,9.21,-0.58,3.82,4.84,1448.07
7/25/2022 0:00,9.14,-0.64,2.67,3.46,1446.37
7/25/2022 1:00,8.57,-0.64,2.28,2.93,1443.56
7/25/2022 2:00,8.16,-0.77,2.16,2.76,1441.75
7/25/2022 3:00,7.85,-0.83,2.18,2.75,1440.5
7/25/2022 4:00,7.47,-0.83,2.21,2.76,1438.96
7/25/2022 5:00,7.33,-0.89,2.22,2.76,1438.4
7/25/2022 6:00,7.2,-0.89,2.23,2.77,1437.83
7/25/2022 7:00,6.92,-0.83,2.25,2.77,1436.68
7/25/2022 8:00,6.74,-0.77,2.26,2.77,1435.96
7/25/2022 9:00,6.74,-0.71,2.26,2.77,1435.96
7/25/2022 10:00,6.81,-0.71,2.26,2.77,1436.25
7/25/2022 11:00,6.78,-0.71,2.26,2.77,1436.1
7/25/2022 12:00,6.78,-0.64,2.26,2.77,1436.11
7/25/2022 13:00,6.88,-0.64,2.25,2.77,1436.54
7/25/2022 14:00,6.99,-0.77,2.24,2.77,1436.97
7/25/2022 15:00,7.27,-0.71,2.23,2.77,1438.12
7/25/2022 16:00,7.61,-0.83,2.2,2.76,1439.53
7/25/2022 17:00,7.75,-0.77,2.19,2.76,1440.09
7/25/2022 18:00,7.75,-0.89,2.19,2.76,1440.08
7/25/2022 19:00,7.54,-0.89,2.2,2.76,1439.24
7/25/2022 20:00,7.27,-0.89,2.22,2.77,1438.11
7/25/2022 21:00,7.02,-0.95,2.24,2.77,1437.11
7/25/2022 22:00,6.64,-0.83,2.27,2.77,1435.52
7/25/2022 23:00,6.46,-0.83,2.28,2.77,1434.79
7/26/2022 0:00,6.21,-0.83,2.3,2.78,1433.75
7/26/2022 1:00,5.75,-0.83,2.33,2.78,1431.8
7/26/2022 2:00,5.79,-0.89,2.34,2.78,1431.95
7/26/2022 3:00,5.86,-0.95,2.33,2.78,1432.26
7/26/2022 4:00,5.75,-0.95,2.34,2.78,1431.8
7/26/2022 5:00,5.5,-0.95,2.36,2.78,1430.73
7/26/2022 6:00,5.97,-0.89,2.32,2.78,1432.71
7/26/2022 7:00,5.54,-0.83,2.35,2.78,1430.88
7/26/2022 8:00,6.32,-0.89,2.3,2.78,1434.2
7/26/2022 9:00,6.29,-0.89,2.3,2.78,1434.05
7/26/2022 10:00,6.39,-0.83,2.29,2.78,1434.49
7/26/2022 11:00,6.46,-0.77,2.29,2.78,1434.79
7/26/2022 12:00,6.95,-0.89,2.25,2.77,1436.83
7/26/2022 13:00,6.85,-0.77,6.07,7.02,1441.24
7/26/2022 14:00,7.33,-0.71,6.28,7.34,1443.54
7/26/2022 15:00,7.71,-0.83,6.45,7.61,1445.32
7/26/2022 16:00,8.13,-0.83,6.49,7.73,1447.04
7/26/2022 17:00,8.6,-0.89,6.49,7.83,1448.97
7/26/2022 18:00,8.8,-0.89,6.63,8.02,1449.96
7/26/2022 19:00,8.64,-0.77,6.7,8.07,1449.37
7/26/2022 20:00,8.91,-0.77,6.41,7.8,1450.09
7/26/2022 21:00,8.6,-0.71,6.32,7.64,1448.77
7/26/2022 22:00,8.23,-0.64,6.2,7.42,1447.1
7/26/2022 23:00,7.82,-0.58,6,7.12,1445.17
7/27/2022 0:00,7.61,-0.52,5.84,6.91,1444.12
7/27/2022 1:00,7.51,-0.52,5.71,6.75,1443.54
7/27/2022 2:00,7.13,-0.33,5.59,6.55,1441.8
7/27/2022 3:00,6.95,-0.46,5.49,6.41,1440.95
7/27/2022 4:00,6.81,-0.33,5.42,6.31,1440.28
7/27/2022 5:00,6.74,-0.33,5.39,6.26,1439.94
7/27/2022 6:00,6.57,-0.27,5.43,6.28,1439.25
7/27/2022 7:00,6.5,-0.27,5.53,6.38,1439.09
7/27/2022 8:00,6.36,-0.08,5.63,6.46,1438.61
7/27/2022 9:00,6.29,-0.27,5.73,6.55,1438.43
7/27/2022 10:00,6.21,-0.14,5.79,6.6,1438.21
7/27/2022 11:00,6.14,-0.14,5.92,6.73,1438.08
7/27/2022 12:00,6.07,-0.14,6.06,6.86,1437.95
7/27/2022 13:00,6.07,-0.08,6.18,6.99,1438.11
7/27/2022 14:00,5.93,-0.21,6.29,7.08,1437.64
7/27/2022 15:00,6,-0.14,6.41,7.22,1438.1
7/27/2022 16:00,5.97,-0.21,6.47,7.27,1438.02
7/27/2022 17:00,5.79,-0.14,6.49,7.26,1437.29
7/27/2022 18:00,5.64,-0.27,6.51,7.25,1436.69
7/27/2022 19:00,5.5,-0.21,6.52,7.23,1436.09
7/27/2022 20:00,5.43,-0.21,6.53,7.23,1435.79
7/27/2022 21:00,5.25,-0.21,6.59,7.25,1435.08
7/27/2022 22:00,5.18,-0.14,6.62,7.27,1434.81
7/27/2022 23:00,5.07,-0.08,6.68,7.31,1434.42
7/28/2022 0:00,5.14,-0.08,6.76,7.41,1434.84
7/28/2022 1:00,5.07,-0.08,6.8,7.43,1434.57
7/28/2022 2:00,4.74,-0.08,6.85,7.41,1433.2
7/28/2022 3:00,4.7,-0.14,6.88,7.44,1433.08
7/28/2022 4:00,4.63,-0.21,6.92,7.46,1432.81
7/28/2022 5:00,4.34,-0.27,6.96,7.44,1431.56
7/28/2022 6:00,4.19,-0.27,6.99,7.44,1430.95
7/28/2022 7:00,4.15,-0.27,6.97,7.41,1430.76
7/28/2022 8:00,4.23,-0.33,6.9,7.35,1430.99
7/28/2022 9:00,4.3,-0.27,6.81,7.28,1431.2
7/28/2022 10:00,4.26,-0.33,6.72,7.18,1430.92
7/28/2022 11:00,4.19,-0.14,6.62,7.07,1430.47
7/28/2022 12:00,4.23,-0.14,6.5,6.96,1430.48
7/28/2022 13:00,4.34,-0.14,6.43,6.91,1430.88
7/28/2022 14:00,4.37,-0.14,6.38,6.87,1430.98
7/28/2022 15:00,4.41,-0.08,6.36,6.85,1431.11
7/28/2022 16:00,4.37,-0.14,6.34,6.82,1430.92
7/28/2022 17:00,4.34,-0.27,6.32,6.8,1430.74
7/28/2022 18:00,4.37,-0.27,6.28,6.77,1430.85
7/28/2022 19:00,4.3,-0.27,6.25,6.72,1430.47
7/28/2022 20:00,4.19,-0.21,6.22,6.67,1429.94
7/28/2022 21:00,4.26,-0.21,6.2,6.67,1430.25
7/28/2022 22:00,4.26,-0.27,6.17,6.63,1430.2
7/28/2022 23:00,4.23,-0.14,6.15,6.61,1430.02
7/29/2022 0:00,4.34,-0.14,6.15,6.63,1430.51
7/29/2022 1:00,4.23,-0.08,6.17,6.62,1430.04
7/29/2022 2:00,4.12,-0.21,6.17,6.61,1429.56
7/29/2022 3:00,4,-0.14,6.16,6.58,1429.05
7/29/2022 4:00,3.97,-0.14,6.17,6.57,1428.89
7/29/2022 5:00,3.86,-0.14,6.12,6.51,1428.33
7/29/2022 6:00,3.78,-0.33,6.08,6.46,1427.94
7/29/2022 7:00,3.74,-0.33,6.05,6.42,1427.73
7/29/2022 8:00,3.74,-0.39,5.99,6.36,1427.65
7/29/2022 9:00,3.89,-0.27,5.97,6.37,1428.3
7/29/2022 10:00,3.93,-0.27,5.98,6.38,1428.47
7/29/2022 11:00,3.93,-0.27,5.96,6.37,1428.45
7/29/2022 12:00,4,-0.21,5.94,6.35,1428.75
7/29/2022 13:00,4.12,-0.21,5.9,6.34,1429.21
7/29/2022 14:00,4.19,-0.14,5.95,6.4,1429.6
7/29/2022 15:00,4.52,-0.14,6,6.51,1431.13
7/29/2022 16:00,4.48,-0.21,6,6.5,1430.97
7/29/2022 17:00,4.56,-0.27,6.12,6.63,1431.44
7/29/2022 18:00,4.63,-0.27,6.2,6.74,1431.88
7/29/2022 19:00,4.81,-0.39,6.28,6.85,1432.78
7/29/2022 20:00,4.92,-0.46,6.33,6.92,1433.32
7/29/2022 21:00,4.92,-0.52,6.37,6.97,1433.38
7/29/2022 22:00,4.92,-0.46,6.39,6.98,1433.4
7/29/2022 23:00,4.89,-0.46,6.42,7,1433.27
7/30/2022 0:00,5,-0.33,6.42,7.03,1433.76
7/30/2022 1:00,5.1,-0.33,6.31,6.94,1434.09
7/30/2022 2:00,4.92,-0.39,6.27,6.86,1433.25
7/30/2022 3:00,4.52,-0.27,6.28,6.79,1431.49
7/30/2022 4:00,4.59,-0.39,6.2,6.73,1431.71
7/30/2022 5:00,4.52,-0.46,6.21,6.72,1431.4
7/30/2022 6:00,4.52,-0.46,6.13,6.64,1431.29
7/30/2022 7:00,4.37,-0.58,6.21,6.69,1430.74
7/30/2022 8:00,4.37,-0.58,6.13,6.62,1430.65
7/30/2022 9:00,4.59,-0.52,5.91,6.43,1431.33
7/30/2022 10:00,4.63,-0.58,5.68,6.21,1431.2
7/30/2022 11:00,5.36,-0.58,4.96,5.58,1433.46
7/30/2022 12:00,5.82,-0.52,3.97,4.59,1434.21
7/30/2022 13:00,6.18,-0.46,3.14,3.72,1434.67
7/30/2022 14:00,6.64,-0.39,2.8,3.38,1436.2
7/30/2022 15:00,6.95,-0.52,2.63,3.21,1437.32
7/30/2022 16:00,6.88,-0.52,2.25,2.77,1436.54
7/30/2022 17:00,7.54,-0.52,2.21,2.77,1439.26
7/30/2022 18:00,7.44,-0.64,2.21,2.76,1438.83
7/30/2022 19:00,7.33,-0.71,2.22,2.76,1438.4
7/30/2022 20:00,7.44,-0.64,2.21,2.76,1438.83
7/30/2022 21:00,7.4,-0.77,2.21,2.76,1438.68
7/30/2022 22:00,7.02,-0.71,2.24,2.77,1437.12
7/30/2022 23:00,6.78,-0.64,2.26,2.77,1436.1
7/31/2022 0:00,6.43,-0.71,2.29,2.78,1434.64
7/31/2022 1:00,6.21,-0.58,2.3,2.78,1433.76
7/31/2022 2:00,5.86,-0.52,2.33,2.78,1432.26
7/31/2022 3:00,5.68,-0.52,2.34,2.78,1431.5
7/31/2022 4:00,5.28,-0.58,2.38,2.79,1429.82
7/31/2022 5:00,4.96,-0.64,2.4,2.79,1428.41
7/31/2022 6:00,4.81,-0.64,2.41,2.79,1427.79
7/31/2022 7:00,4.67,-0.64,2.42,2.79,1427.15
7/31/2022 8:00,4.59,-0.64,2.66,3.05,1427.14
7/31/2022 9:00,4.59,-0.71,2.86,3.25,1427.39
7/31/2022 10:00,4.89,-0.71,2.9,3.32,1428.73
7/31/2022 11:00,5.14,-0.64,2.9,3.35,1429.86
7/31/2022 12:00,5.54,-0.64,2.93,3.43,1431.63
7/31/2022 13:00,6,-0.58,3.04,3.59,1433.78
7/31/2022 14:00,5.43,-0.58,3.63,4.17,1432.06
7/31/2022 15:00,5.43,-0.46,4.37,4.96,1433.01
7/31/2022 16:00,5.32,-0.52,5.02,5.64,1433.37
7/31/2022 17:00,4.81,-0.52,5.52,6.08,1431.8
7/31/2022 18:00,4.78,-0.52,5.94,6.49,1432.18
7/31/2022 19:00,5.18,-0.52,6.19,6.83,1434.25
7/31/2022 20:00,5.25,-0.58,6.34,7,1434.76
7/31/2022 21:00,5.36,-0.64,6.43,7.11,1435.34
7/31/2022 22:00,5.25,-0.58,6.49,7.15,1434.95
7/31/2022 23:00,5.21,-0.52,6.49,7.14,1434.79
8/1/2022 0:00,5.64,-0.52,6.4,7.14,1436.55
8/1/2022 1:00,5.14,-0.52,6.41,7.04,1434.37
8/1/2022 2:00,5.28,-0.46,6.31,6.97,1434.88
8/1/2022 3:00,5.25,-0.39,6.17,6.82,1434.54
8/1/2022 4:00,5.14,-0.46,5.98,6.6,1433.82
8/1/2022 5:00,4.74,-0.52,6.11,6.66,1432.24
8/1/2022 6:00,4.89,-0.52,6.04,6.62,1432.79
8/1/2022 7:00,4.85,-0.58,5.82,6.39,1432.34
8/1/2022 8:00,4.7,-0.64,5.45,5.98,1431.22
8/1/2022 9:00,4.78,-0.64,4.95,5.48,1430.91
8/1/2022 10:00,5.07,-0.64,4.59,5.15,1431.71
8/1/2022 11:00,5.79,-0.64,3.37,3.93,1433.28
8/1/2022 12:00,5.97,-0.58,2.89,3.42,1433.44
8/1/2022 13:00,6.53,-0.58,2.68,3.23,1435.59
8/1/2022 14:00,6.85,-0.52,2.26,2.77,1436.4
8/1/2022 15:00,7.13,-0.46,2.24,2.77,1437.55
8/1/2022 16:00,6.88,-0.46,2.25,2.77,1436.54
8/1/2022 17:00,6.67,-0.46,2.27,2.77,1435.67
8/1/2022 18:00,6.36,-0.52,2.6,3.13,1434.75
8/1/2022 19:00,5.93,-0.58,2.85,3.37,1433.23
8/1/2022 20:00,5.72,-0.58,3.33,3.88,1432.93
8/1/2022 21:00,5.75,-0.58,3.93,4.53,1433.84
8/1/2022 22:00,6,-0.64,4.09,4.74,1435.12
8/1/2022 23:00,5.79,-0.58,4.13,4.75,1434.25
8/2/2022 0:00,5.54,-0.46,4.27,4.88,1433.36
8/2/2022 1:00,5.39,-0.52,4.17,4.75,1432.6
8/2/2022 2:00,5.25,-0.52,4.24,4.8,1432.06
8/2/2022 3:00,5.28,-0.39,4.33,4.9,1432.33
8/2/2022 4:00,4.89,-0.39,4.47,4.99,1430.76
8/2/2022 5:00,5.21,-0.46,4.88,5.48,1432.73
8/2/2022 6:00,4.96,-0.52,5.31,5.88,1432.17
8/2/2022 7:00,4.85,-0.52,5.77,6.33,1432.28
8/2/2022 8:00,4.89,-0.58,6.09,6.67,1432.85
8/2/2022 9:00,4.81,-0.64,6.33,6.9,1432.84
8/2/2022 10:00,4.85,-0.71,6.48,7.06,1433.2
8/2/2022 11:00,4.89,-0.64,6.73,7.32,1433.68
8/2/2022 12:00,4.92,-0.71,6.81,7.41,1433.94
8/2/2022 13:00,5.21,-0.58,6.92,7.58,1435.35
8/2/2022 14:00,5.54,-0.58,6.76,7.49,1436.54
8/2/2022 15:00,5.72,-0.52,6.7,7.46,1437.24
8/2/2022 16:00,6.14,-0.52,6.76,7.61,1439.15
8/2/2022 17:00,6.36,-0.58,6.8,7.7,1440.09
8/2/2022 18:00,6.21,-0.58,6.88,7.75,1439.6
8/2/2022 19:00,6.99,-0.58,6.54,7.56,1442.43
8/2/2022 20:00,7.27,-0.64,6.09,7.12,1443.01
8/2/2022 21:00,7.47,-0.77,5.48,6.49,1443.1
8/2/2022 22:00,7.89,-0.77,4.04,4.93,1442.99
8/2/2022 23:00,7.54,-0.71,2.95,3.64,1440.19
8/3/2022 0:00,7.27,-0.71,2.68,3.3,1438.69
8/3/2022 1:00,7.06,-0.64,2.24,2.77,1437.26
8/3/2022 2:00,6.81,-0.58,2.26,2.77,1436.25
8/3/2022 3:00,5.93,-0.52,2.32,2.77,1432.55
8/3/2022 4:00,5.64,-0.52,2.35,2.78,1431.35
8/3/2022 5:00,5.86,-0.52,2.8,3.31,1432.87
8/3/2022 6:00,5.57,-0.46,3.15,3.66,1432.06
8/3/2022 7:00,5.5,-0.52,3.72,4.28,1432.49
8/3/2022 8:00,5.21,-0.46,4.27,4.83,1431.94
8/3/2022 9:00,5.46,-0.58,4.83,5.46,1433.76
8/3/2022 10:00,5.68,-0.58,5.26,5.95,1435.24
8/3/2022 11:00,6.21,-0.58,5.53,6.32,1437.87
8/3/2022 12:00,6.78,-0.52,5.73,6.64,1440.51
8/3/2022 13:00,7.44,-0.58,5.92,6.97,1443.51
8/3/2022 14:00,8.19,-0.52,6.06,7.26,1446.79
8/3/2022 15:00,8.5,-0.52,6.18,7.46,1448.18
8/3/2022 16:00,8.87,-0.46,6.28,7.65,1449.8
8/3/2022 17:00,9.01,-0.46,6.36,7.77,1450.44
8/3/2022 18:00,9.37,-0.52,6.43,7.92,1451.99
8/3/2022 19:00,9.17,-0.46,6.5,7.95,1451.28
8/3/2022 20:00,9.57,-0.52,6.55,8.09,1452.92
8/3/2022 21:00,10.83,-0.46,6.48,8.28,1457.69
8/3/2022 22:00,10.6,-0.52,6.41,8.15,1456.73
8/3/2022 23:00,10.53,-0.52,6.36,8.07,1456.41
8/4/2022 0:00,10.6,-0.52,6.31,8.03,1456.6
8/4/2022 1:00,10.53,-0.46,6.27,7.97,1456.3
8/4/2022 2:00,10.5,-0.39,6.24,7.93,1456.14
8/4/2022 3:00,10.27,-0.39,6.16,7.79,1455.16
8/4/2022 4:00,10.14,-0.39,6.12,7.71,1454.59
8/4/2022 5:00,10.17,-0.39,6.07,7.66,1454.66
8/4/2022 6:00,9.61,-0.33,6.06,7.53,1452.44
8/4/2022 7:00,9.61,-0.39,6.07,7.56,1452.47
8/4/2022 8:00,10.1,-0.46,6.06,7.64,1454.39
8/4/2022 9:00,10.34,-0.52,6.06,7.68,1455.28
8/4/2022 10:00,9.81,-0.52,6.07,7.59,1453.24
8/4/2022 11:00,9.74,-0.52,6.08,7.59,1453
8/4/2022 12:00,9.97,-0.52,6.09,7.65,1453.92
8/4/2022 13:00,10.76,-0.58,6.12,7.83,1456.99
8/4/2022 14:00,11.54,-0.46,6.11,7.98,1459.94
8/4/2022 15:00,12.18,-0.46,6.12,8.12,1462.34
8/4/2022 16:00,9.91,-0.52,6.22,7.78,1453.81
8/4/2022 17:00,9.21,-0.52,6.37,7.82,1451.25
8/4/2022 18:00,9.57,-0.52,6.65,8.21,1453.04
8/4/2022 19:00,10.01,-0.46,6.76,8.44,1454.87
8/4/2022 20:00,10.01,-0.46,6.9,8.59,1455.04
8/4/2022 21:00,9.64,-0.52,7.18,8.84,1453.97
8/4/2022 22:00,7.78,-0.58,7.44,8.7,1446.85
8/4/2022 23:00,7.95,-0.58,7.78,9.12,1447.98
8/5/2022 0:00,7.99,-0.58,8.14,9.5,1448.57
8/5/2022 1:00,8.16,-0.52,8.34,9.78,1449.52
8/5/2022 2:00,7.2,-0.58,8.74,9.95,1446.08
8/5/2022 3:00,6.99,-0.58,8.91,10.07,1445.43
8/5/2022 4:00,7.06,-0.46,8.99,10.18,1445.83
8/5/2022 5:00,8.09,-0.39,9,10.47,1450.08
8/5/2022 6:00,8.23,-0.46,8.92,10.41,1450.52
8/5/2022 7:00,8.74,-0.46,8.72,10.33,1452.31
8/5/2022 8:00,7.75,-0.46,8.73,10.08,1448.34
8/5/2022 9:00,6.88,-0.46,9.01,10.15,1445.12
8/5/2022 10:00,6.57,-0.52,9.18,10.24,1444.02
8/5/2022 11:00,6.5,-0.52,9.35,10.39,1443.94
8/5/2022 12:00,6.64,-0.52,9.53,10.62,1444.76
8/5/2022 13:00,9.71,-0.58,9.05,10.97,1456.54
8/5/2022 14:00,9.71,-0.52,8.85,10.74,1456.3
8/5/2022 15:00,8.5,-0.52,8.86,10.43,1451.54
8/5/2022 16:00,8.33,-0.52,8.84,10.36,1450.84
8/5/2022 17:00,8.5,-0.52,8.79,10.35,1451.45
8/5/2022 18:00,8.53,-0.46,8.77,10.33,1451.56
8/5/2022 19:00,8.84,-0.52,8.7,10.35,1452.69
8/5/2022 20:00,9.21,-0.46,8.58,10.31,1454.01
8/5/2022 21:00,9.37,-0.52,8.47,10.23,1454.52
8/5/2022 22:00,9.54,-0.52,8.39,10.19,1455.08
8/5/2022 23:00,9.61,-0.52,8.3,10.1,1455.22
8/6/2022 0:00,9.74,-0.52,8.19,10.01,1455.61
8/6/2022 1:00,9.94,-0.52,8.13,10,1456.31
8/6/2022 2:00,9.91,-0.46,8.05,9.89,1456.08
8/6/2022 3:00,9.97,-0.46,7.96,9.81,1456.23
8/6/2022 4:00,9.97,-0.33,7.85,9.68,1456.09
8/6/2022 5:00,10.07,-0.33,7.75,9.59,1456.35
8/6/2022 6:00,10.1,-0.33,7.61,9.44,1456.31
8/6/2022 7:00,10.1,-0.27,7.48,9.29,1456.15
8/6/2022 8:00,9.97,-0.27,7.36,9.12,1455.49
8/6/2022 9:00,10.01,-0.27,7.25,9,1455.48
8/6/2022 10:00,9.97,-0.21,7.15,8.88,1455.23
8/6/2022 11:00,9.97,-0.14,7.07,8.78,1455.13
8/6/2022 12:00,9.91,-0.14,7,8.68,1454.78
8/6/2022 13:00,9.77,-0.21,7,8.65,1454.26
8/6/2022 14:00,9.74,-0.27,7,8.66,1454.14
8/6/2022 15:00,9.74,-0.27,7,8.65,1454.14
8/6/2022 16:00,9.77,-0.21,7,8.66,1454.26
8/6/2022 17:00,9.71,-0.27,7.02,8.67,1454.04
8/6/2022 18:00,9.71,-0.27,7.05,8.71,1454.07
8/6/2022 19:00,9.57,-0.21,7.07,8.7,1453.58
8/6/2022 20:00,9.37,-0.27,7.1,8.69,1452.83
8/6/2022 21:00,9.31,-0.33,7.16,8.73,1452.63
8/6/2022 22:00,9.01,-0.27,7.2,8.71,1451.49
8/6/2022 23:00,8.91,-0.27,7.25,8.75,1451.15
8/7/2022 0:00,8.67,-0.33,7.32,8.77,1450.29
8/7/2022 1:00,8.53,-0.33,7.37,8.8,1449.81
8/7/2022 2:00,8.09,-0.39,7.44,8.77,1448.11
8/7/2022 3:00,7.95,-0.46,7.56,8.87,1447.71
8/7/2022 4:00,7.27,-0.33,7.74,8.9,1445.1
8/7/2022 5:00,7.06,-0.39,7.92,9.04,1444.47
8/7/2022 6:00,6.99,-0.33,8.08,9.2,1444.39
8/7/2022 7:00,6.71,-0.27,8.25,9.3,1443.43
8/7/2022 8:00,6.67,-0.27,8.39,9.44,1443.46
8/7/2022 9:00,6.71,-0.33,8.53,9.59,1443.78
8/7/2022 10:00,6.74,-0.33,8.6,9.67,1444.01
8/7/2022 11:00,6.85,-0.33,8.79,9.91,1444.7
8/7/2022 12:00,7.06,-0.27,8.89,10.07,1445.7
8/7/2022 13:00,7.51,-0.39,8.99,10.3,1447.68
8/7/2022 14:00,7.33,-0.39,9.06,10.32,1447.06
8/7/2022 15:00,7.2,-0.39,9.17,10.39,1446.62
8/7/2022 16:00,7.4,-0.46,9.27,10.56,1447.61
8/7/2022 17:00,8.7,-0.46,8.83,10.45,1452.32
8/7/2022 18:00,9.64,-0.46,7.99,9.76,1454.97
8/7/2022 19:00,10.01,-0.52,7.21,8.95,1455.43
8/7/2022 20:00,10.01,-0.46,6.61,8.26,1454.69
8/7/2022 21:00,9.77,-0.58,5.99,7.49,1453.01
8/7/2022 22:00,9.31,-0.52,5.62,6.98,1450.72
8/7/2022 23:00,8.91,-0.58,4.96,6.15,1448.29
8/8/2022 0:00,8.5,-0.64,4.11,5.1,1445.59
8/8/2022 1:00,7.92,-0.64,3.35,4.14,1442.26
8/8/2022 2:00,7.33,-0.71,2.9,3.56,1439.27
8/8/2022 3:00,7.02,-0.64,2.71,3.32,1437.72
8/8/2022 4:00,6.88,-0.64,2.26,2.78,1436.55
8/8/2022 5:00,6.78,-0.64,2.26,2.77,1436.1
8/8/2022 6:00,6.5,-0.58,2.28,2.78,1434.94
8/8/2022 7:00,6.36,-0.58,2.29,2.78,1434.35
8/8/2022 8:00,6.43,-0.58,2.29,2.78,1434.65
8/8/2022 9:00,6.46,-0.46,2.28,2.78,1434.8
8/8/2022 10:00,6.32,-0.46,2.3,2.78,1434.2
8/8/2022 11:00,6.29,-0.46,2.3,2.78,1434.06
8/8/2022 12:00,6.43,-0.46,2.29,2.78,1434.65
8/8/2022 13:00,6.46,-0.52,2.28,2.78,1434.79
8/8/2022 14:00,6.53,-0.52,2.28,2.78,1435.09
8/8/2022 15:00,6.74,-0.46,2.27,2.78,1435.97
8/8/2022 16:00,6.85,-0.52,2.26,2.77,1436.4
8/8/2022 17:00,7.09,-0.52,2.24,2.77,1437.41
8/8/2022 18:00,7.06,-0.52,2.24,2.77,1437.26
8/8/2022 19:00,7.33,-0.58,2.22,2.77,1438.41
8/8/2022 20:00,7.3,-0.52,2.22,2.77,1438.26
8/8/2022 21:00,7.27,-0.52,2.22,2.77,1438.12
8/8/2022 22:00,7.16,-0.58,2.23,2.77,1437.69
8/8/2022 23:00,6.95,-0.64,2.24,2.77,1436.83
8/9/2022 0:00,6.64,-0.58,2.27,2.77,1435.53
8/9/2022 1:00,6.32,-0.64,2.29,2.77,1434.2
8/9/2022 2:00,5.93,-0.77,2.33,2.78,1432.56
8/9/2022 3:00,5.68,-0.71,2.34,2.78,1431.5
8/9/2022 4:00,5.36,-0.71,2.37,2.79,1430.12
8/9/2022 5:00,5.39,-0.71,2.37,2.79,1430.28
8/9/2022 6:00,5.54,-0.64,2.36,2.79,1430.89
8/9/2022 7:00,5.28,-0.64,2.37,2.79,1429.81
8/9/2022 8:00,5.82,-0.64,2.33,2.78,1432.11
8/9/2022 9:00,5.89,-0.46,2.33,2.78,1432.41
8/9/2022 10:00,6.11,-0.39,2.31,2.78,1433.31
8/9/2022 11:00,5.43,-0.39,2.36,2.78,1430.43
8/9/2022 12:00,5.93,-0.33,2.33,2.78,1432.57
8/9/2022 13:00,5.86,-0.39,2.33,2.78,1432.26
8/9/2022 14:00,6,-0.39,2.32,2.78,1432.87
8/9/2022 15:00,6.07,-0.39,2.32,2.78,1433.17
8/9/2022 16:00,6.11,-0.39,2.31,2.78,1433.31
8/9/2022 17:00,6.29,-0.39,2.3,2.78,1434.06
8/9/2022 18:00,6.36,-0.46,2.51,3.03,1434.63
8/9/2022 19:00,6.36,-0.46,2.77,3.32,1434.96
8/9/2022 20:00,6.29,-0.46,2.91,3.47,1434.83
8/9/2022 21:00,6.32,-0.52,3.2,3.79,1435.35
8/9/2022 22:00,6.36,-0.39,3.61,4.26,1436.03
8/9/2022 23:00,6.43,-0.46,4.02,4.72,1436.86
8/10/2022 0:00,6.43,-0.46,4.33,5.06,1437.26
8/10/2022 1:00,6.39,-0.39,4.58,5.32,1437.41
8/10/2022 2:00,6.39,-0.46,4.76,5.52,1437.65
8/10/2022 3:00,6.36,-0.46,4.93,5.7,1437.71
8/10/2022 4:00,6.29,-0.46,5.12,5.9,1437.66
8/10/2022 5:00,6.21,-0.46,5.22,6,1437.49
8/10/2022 6:00,6.18,-0.46,5.31,6.09,1437.45
8/10/2022 7:00,6.18,-0.33,5.36,6.14,1437.51
8/10/2022 8:00,6.14,-0.39,5.39,6.16,1437.4
8/10/2022 9:00,6.21,-0.27,5.41,6.2,1437.73
8/10/2022 10:00,6.29,-0.21,5.44,6.24,1438.06
8/10/2022 11:00,6.32,-0.21,5.48,6.29,1438.27
8/10/2022 12:00,6.43,-0.27,5.52,6.35,1438.77
8/10/2022 13:00,6.57,-0.14,5.56,6.42,1439.42
8/10/2022 14:00,6.78,-0.21,5.61,6.5,1440.36
8/10/2022 15:00,6.95,-0.27,5.65,6.59,1441.16
8/10/2022 16:00,7.13,-0.21,5.7,6.67,1441.95
8/10/2022 17:00,7.2,-0.39,5.75,6.73,1442.29
8/10/2022 18:00,7.33,-0.39,5.78,6.79,1442.91
8/10/2022 19:00,7.33,-0.52,5.81,6.83,1442.95
8/10/2022 20:00,7.4,-0.52,5.85,6.88,1443.28
8/10/2022 21:00,7.44,-0.52,5.87,6.91,1443.45
8/10/2022 22:00,7.4,-0.46,5.9,6.94,1443.35
8/10/2022 23:00,7.4,-0.52,5.93,6.98,1443.39
8/11/2022 0:00,7.4,-0.46,5.97,7.02,1443.44
8/11/2022 1:00,7.4,-0.27,6.01,7.06,1443.49
8/11/2022 2:00,7.47,-0.33,6.04,7.1,1443.81
8/11/2022 3:00,7.54,-0.46,6.08,7.16,1444.15
8/11/2022 4:00,7.47,-0.39,6.12,7.19,1443.91
8/11/2022 5:00,7.47,-0.33,6.16,7.24,1443.97
8/11/2022 6:00,7.47,-0.46,6.2,7.28,1444.01
8/11/2022 7:00,7.51,-0.39,6.24,7.33,1444.2
8/11/2022 8:00,7.51,-0.46,6.28,7.38,1444.26
8/11/2022 9:00,7.58,-0.39,6.33,7.44,1444.6
8/11/2022 10:00,7.58,-0.33,6.37,7.49,1444.66
8/11/2022 11:00,7.68,-0.27,6.43,7.57,1445.16
8/11/2022 12:00,7.85,-0.21,6.47,7.65,1445.91
8/11/2022 13:00,7.95,-0.21,6.51,7.72,1446.39
8/11/2022 14:00,8.06,-0.02,6.55,7.79,1446.86
8/11/2022 15:00,8.09,-0.14,6.59,7.83,1447.05
8/11/2022 16:00,8.19,-0.02,6.62,7.89,1447.5
8/11/2022 17:00,8.53,-0.21,6.63,7.97,1448.89
8/11/2022 18:00,8.6,-0.27,6.66,8.03,1449.2
8/11/2022 19:00,7.85,-0.27,6.76,7.97,1446.28
8/11/2022 20:00,8.36,-0.33,6.77,8.09,1448.38
8/11/2022 21:00,8.3,-0.33,6.78,8.09,1448.11
8/11/2022 22:00,8.53,-0.33,6.8,8.16,1449.09
8/11/2022 23:00,8.16,-0.27,6.8,8.08,1447.59
8/12/2022 0:00,7.82,-0.21,6.83,8.05,1446.24
8/12/2022 1:00,7.82,-0.27,6.88,8.09,1446.29
8/12/2022 2:00,8.02,-0.33,6.91,8.18,1447.17
8/12/2022 3:00,7.99,-0.39,6.94,8.2,1447.07
8/12/2022 4:00,7.92,-0.46,6.97,8.22,1446.82
8/12/2022 5:00,7.89,-0.52,6.99,8.23,1446.7
8/12/2022 6:00,7.65,-0.52,7.01,8.21,1445.75
8/12/2022 7:00,7.61,-0.58,7.05,8.23,1445.65
8/12/2022 8:00,7.71,-0.58,7.08,8.29,1446.12
8/12/2022 9:00,7.89,-0.58,7.11,8.37,1446.86
8/12/2022 10:00,8.13,-0.52,7.14,8.45,1447.87
8/12/2022 11:00,8.43,-0.46,7.17,8.56,1449.15
8/12/2022 12:00,8.6,-0.33,7.2,8.63,1449.87
8/12/2022 13:00,8.87,-0.39,7.24,8.72,1450.99
8/12/2022 14:00,9.07,-0.27,7.27,8.81,1451.84
8/12/2022 15:00,9.54,-0.33,7.26,8.9,1453.68
8/12/2022 16:00,9.84,-0.46,7.26,8.97,1454.85
8/12/2022 17:00,9.94,-0.33,7.26,8.99,1455.23
8/12/2022 18:00,10.07,-0.39,7.27,9.04,1455.76
8/12/2022 19:00,9.77,-0.46,7.28,8.98,1454.61
8/12/2022 20:00,9.81,-0.46,7.29,9,1454.75
8/12/2022 21:00,9.71,-0.39,7.33,9.02,1454.41
8/12/2022 22:00,9.67,-0.39,7.35,9.03,1454.31
8/12/2022 23:00,9.61,-0.33,7.37,9.05,1454.08
8/13/2022 0:00,9.67,-0.21,7.41,9.11,1454.39
8/13/2022 1:00,9.71,-0.33,7.43,9.14,1454.54
8/13/2022 2:00,9.57,-0.27,7.45,9.13,1454.04
8/13/2022 3:00,9.61,-0.27,7.46,9.15,1454.19
8/13/2022 4:00,9.57,-0.27,7.49,9.18,1454.1
8/13/2022 5:00,9.41,-0.33,7.49,9.13,1453.44
8/13/2022 6:00,9.24,-0.39,7.49,9.1,1452.78
8/13/2022 7:00,8.84,-0.39,7.49,9,1451.18
8/13/2022 8:00,8.8,-0.46,7.5,9,1451.05
8/13/2022 9:00,8.64,-0.46,7.69,9.18,1450.62
8/13/2022 10:00,8.64,-0.46,7.72,9.21,1450.66
8/13/2022 11:00,8.5,-0.33,7.75,9.21,1450.15
8/13/2022 12:00,8.47,-0.33,7.79,9.24,1450.06
8/13/2022 13:00,8.53,-0.33,7.83,9.3,1450.38
8/13/2022 14:00,8.53,-0.27,7.86,9.34,1450.42
8/13/2022 15:00,8.6,-0.21,7.87,9.37,1450.72
8/13/2022 16:00,8.53,-0.27,7.89,9.37,1450.46
8/13/2022 17:00,8.57,-0.27,7.91,9.4,1450.62
8/13/2022 18:00,8.67,-0.33,7.92,9.43,1451.04
8/13/2022 19:00,8.67,-0.39,7.91,9.42,1451.02
8/13/2022 20:00,8.57,-0.39,7.9,9.39,1450.61
8/13/2022 21:00,8.47,-0.46,7.97,9.45,1450.29
8/13/2022 22:00,8.36,-0.33,7.96,9.41,1449.87
8/13/2022 23:00,8.26,-0.46,7.94,9.35,1449.42
8/14/2022 0:00,8.3,-0.39,8.01,9.44,1449.65
8/14/2022 1:00,8.64,-0.33,7.8,9.3,1450.76
8/14/2022 2:00,8.5,-0.33,7.58,9.02,1449.94
8/14/2022 3:00,8.19,-0.33,7.39,8.74,1448.47
8/14/2022 4:00,8.02,-0.39,7.21,8.5,1447.54
8/14/2022 5:00,7.89,-0.39,6.76,7.98,1446.41
8/14/2022 6:00,7.75,-0.52,6.22,7.36,1445.17
8/14/2022 7:00,7.47,-0.58,5.66,6.69,1443.33
8/14/2022 8:00,6.88,-0.64,4.93,5.78,1439.94
8/14/2022 9:00,6.5,-0.71,3.64,4.31,1436.67
8/14/2022 10:00,6.5,-0.71,2.84,3.42,1435.65
8/14/2022 11:00,6.39,-0.64,2.54,3.07,1434.82
8/14/2022 12:00,6.29,-0.58,2.3,2.78,1434.05
8/14/2022 13:00,6.11,-0.46,2.31,2.78,1433.31
8/14/2022 14:00,6.18,-0.46,2.31,2.78,1433.61
8/14/2022 15:00,6.11,-0.39,2.31,2.78,1433.31
8/14/2022 16:00,6.07,-0.46,2.31,2.78,1433.16
8/14/2022 17:00,5.82,-0.46,2.33,2.78,1432.11
8/14/2022 18:00,5.46,-0.64,2.36,2.79,1430.59
8/14/2022 19:00,5.43,-0.64,2.36,2.79,1430.43
8/14/2022 20:00,5.61,-0.52,2.35,2.79,1431.2
8/14/2022 21:00,5.54,-0.58,2.36,2.79,1430.89
8/14/2022 22:00,5.39,-0.71,2.37,2.79,1430.28
8/14/2022 23:00,5.28,-0.71,2.38,2.79,1429.81
8/15/2022 0:00,5.18,-0.58,2.38,2.79,1429.35
8/15/2022 1:00,5.14,-0.52,2.39,2.79,1429.2
8/15/2022 2:00,5.03,-0.46,2.4,2.79,1428.73
8/15/2022 3:00,5.07,-0.39,2.39,2.79,1428.89
8/15/2022 4:00,5.86,-0.46,2.33,2.78,1432.26
8/15/2022 5:00,6.25,-0.46,2.3,2.78,1433.91
8/15/2022 6:00,6.11,-0.58,2.31,2.78,1433.31
8/15/2022 7:00,5.79,-0.71,2.77,3.27,1432.52
8/15/2022 8:00,5.79,-0.64,2.9,3.41,1432.67
8/15/2022 9:00,5.46,-0.77,3.03,3.52,1431.44
8/15/2022 10:00,5.5,-0.77,3.19,3.7,1431.8
8/15/2022 11:00,5.61,-0.77,3.28,3.81,1432.39
8/15/2022 12:00,5.1,-0.71,2.59,3.01,1429.3
8/15/2022 13:00,4.85,-0.71,2.41,2.79,1427.94
8/15/2022 14:00,5.54,-0.58,2.36,2.79,1430.89
8/15/2022 15:00,6.29,-0.58,2.31,2.79,1434.06
8/15/2022 16:00,6.36,-0.58,2.29,2.78,1434.35
8/15/2022 17:00,7.82,-0.58,2.97,3.69,1441.36
8/15/2022 18:00,7.33,-0.64,4.08,4.91,1440.76
8/15/2022 19:00,7.2,-0.71,4.48,5.34,1440.68
8/15/2022 20:00,7.13,-0.71,4.86,5.75,1440.87
8/15/2022 21:00,7.3,-0.71,4.83,5.74,1441.56
8/15/2022 22:00,7.54,-0.71,5.51,6.53,1443.42
8/15/2022 23:00,7.09,-0.64,5.32,6.25,1441.31
8/16/2022 0:00,7.75,-0.71,5.64,6.72,1444.44
8/16/2022 1:00,7.71,-0.52,6.12,7.24,1444.91
8/16/2022 2:00,6.99,-0.58,6.26,7.25,1442.06
8/16/2022 3:00,7.06,-0.46,6.36,7.37,1442.48
8/16/2022 4:00,6.99,-0.52,6.3,7.3,1442.12
8/16/2022 5:00,5.93,-0.52,6.06,6.84,1437.34
8/16/2022 6:00,6.04,-0.52,5.83,6.61,1437.51
8/16/2022 7:00,5.5,-0.58,5.67,6.35,1434.99
8/16/2022 8:00,5.61,-0.64,5.42,6.1,1435.14
8/16/2022 9:00,5.64,-0.64,5.2,5.88,1435.01
8/16/2022 10:00,5.86,-0.77,5.14,5.85,1435.85
8/16/2022 11:00,5.97,-0.77,5.07,5.79,1436.22
8/16/2022 12:00,6.14,-0.64,5.14,5.9,1437.08
8/16/2022 13:00,6.5,-0.64,5.21,6.03,1438.67
8/16/2022 14:00,6.95,-0.64,5.18,6.07,1440.55
8/16/2022 15:00,7.16,-0.58,5.15,6.07,1441.38
8/16/2022 16:00,7.4,-0.64,4.94,5.88,1442.13
8/16/2022 17:00,7.61,-0.64,5.31,6.33,1443.46
8/16/2022 18:00,7.82,-0.64,5.26,6.31,1444.25
8/16/2022 19:00,7.85,-0.71,5.32,6.37,1444.45
8/16/2022 20:00,8.19,-0.77,4.19,5.15,1444.44
8/16/2022 21:00,7.95,-0.77,2.86,3.57,1441.78
8/16/2022 22:00,7.75,-0.77,2.64,3.29,1440.65
8/16/2022 23:00,7.54,-0.77,2.2,2.76,1439.24
8/17/2022 0:00,7.37,-0.71,2.22,2.77,1438.54
8/17/2022 1:00,7.16,-0.71,2.23,2.77,1437.69
8/17/2022 2:00,6.95,-0.71,2.25,2.77,1436.83
8/17/2022 3:00,6.53,-0.58,2.27,2.77,1435.08
8/17/2022 4:00,6.64,-0.52,2.27,2.77,1435.53
8/17/2022 5:00,6.39,-0.58,2.29,2.77,1434.49
8/17/2022 6:00,6.14,-0.58,2.31,2.78,1433.46
8/17/2022 7:00,5.75,-0.64,2.34,2.78,1431.8
8/17/2022 8:00,5.46,-0.71,2.36,2.78,1430.58
8/17/2022 9:00,5.46,-0.77,2.36,2.79,1430.58
8/17/2022 10:00,5.28,-0.71,2.38,2.79,1429.82
8/17/2022 11:00,5.25,-0.83,2.38,2.79,1429.66
8/17/2022 12:00,5.46,-0.83,2.36,2.79,1430.58
8/17/2022 13:00,5.72,-0.77,2.34,2.79,1431.66
8/17/2022 14:00,5.89,-0.64,2.33,2.78,1432.41
8/17/2022 15:00,6.07,-0.64,2.32,2.78,1433.16
8/17/2022 16:00,6.25,-0.71,2.3,2.78,1433.9
8/17/2022 17:00,6.29,-0.64,2.3,2.78,1434.05
8/17/2022 18:00,6.32,-0.71,2.3,2.78,1434.2
8/17/2022 19:00,6.36,-0.71,2.29,2.78,1434.35
8/17/2022 20:00,6.32,-0.77,2.3,2.78,1434.2
8/17/2022 21:00,6.21,-0.83,2.3,2.78,1433.75
8/17/2022 22:00,6.11,-0.89,2.31,2.78,1433.31
8/17/2022 23:00,6.04,-0.89,2.32,2.78,1433.01
8/18/2022 0:00,5.89,-0.77,2.33,2.78,1432.41
8/18/2022 1:00,5.89,-0.89,2.33,2.78,1432.41
8/18/2022 2:00,5.79,-0.83,2.34,2.78,1431.95
8/18/2022 3:00,5.72,-0.77,2.34,2.78,1431.65
8/18/2022 4:00,5.64,-0.58,2.35,2.78,1431.35
8/18/2022 5:00,5.46,-0.71,2.36,2.78,1430.58
8/18/2022 6:00,4.96,-0.64,2.4,2.79,1428.42
8/18/2022 7:00,5.25,-0.64,2.38,2.79,1429.67
8/18/2022 8:00,5.25,-0.77,2.38,2.79,1429.66
8/18/2022 9:00,5.25,-0.71,2.38,2.79,1429.66
8/18/2022 10:00,5.36,-0.83,2.37,2.79,1430.12
8/18/2022 11:00,5.5,-0.89,2.36,2.79,1430.74
8/18/2022 12:00,5.72,-0.83,2.34,2.78,1431.65
8/18/2022 13:00,5.93,-0.83,2.33,2.78,1432.56
8/18/2022 14:00,6.21,-0.77,2.3,2.78,1433.75
8/18/2022 15:00,6.67,-0.77,2.27,2.78,1435.67
8/18/2022 16:00,6.78,-0.83,2.26,2.77,1436.1
8/18/2022 17:00,6.6,-0.77,2.27,2.77,1435.37
8/18/2022 18:00,6.39,-0.77,2.29,2.78,1434.5
8/18/2022 19:00,6.36,-0.83,2.29,2.78,1434.35
8/18/2022 20:00,6.36,-0.89,2.29,2.78,1434.35
8/18/2022 21:00,6.57,-0.83,2.28,2.78,1435.23
8/18/2022 22:00,6.64,-0.83,2.27,2.77,1435.52
8/18/2022 23:00,6.6,-0.83,2.27,2.77,1435.37
8/19/2022 0:00,6.46,-0.89,2.28,2.78,1434.79
8/19/2022 1:00,6.6,-0.89,2.28,2.78,1435.38
8/19/2022 2:00,6.5,-0.77,2.28,2.78,1434.94
8/19/2022 3:00,6.43,-0.77,2.29,2.78,1434.64
8/19/2022 4:00,6.29,-0.71,2.3,2.78,1434.05
8/19/2022 5:00,6.18,-0.71,2.3,2.78,1433.61
8/19/2022 6:00,6,-0.71,2.32,2.78,1432.86
8/19/2022 7:00,5.93,-0.64,2.32,2.78,1432.56
8/19/2022 8:00,5.93,-0.64,2.33,2.78,1432.56
8/19/2022 9:00,5.97,-0.64,2.32,2.78,1432.71
8/19/2022 10:00,6,-0.64,2.32,2.78,1432.86
8/19/2022 11:00,6.11,-0.64,2.31,2.78,1433.31
8/19/2022 12:00,6.36,-0.71,2.29,2.78,1434.35
8/19/2022 13:00,6.64,-0.71,2.27,2.78,1435.53
8/19/2022 14:00,6.81,-0.71,2.26,2.77,1436.25
8/19/2022 15:00,6.95,-0.58,2.25,2.77,1436.83
8/19/2022 16:00,7.27,-0.52,2.22,2.77,1438.12
8/19/2022 17:00,7.51,-0.58,2.27,2.84,1439.19
8/19/2022 18:00,7.71,-0.58,2.79,3.47,1440.71
8/19/2022 19:00,7.89,-0.58,2.7,3.38,1441.31
8/19/2022 20:00,7.78,-0.58,3.25,4.02,1441.58
8/19/2022 21:00,7.68,-0.64,4.12,5,1442.24
8/19/2022 22:00,7.54,-0.64,4.39,5.29,1442.01
8/19/2022 23:00,7.37,-0.64,4.67,5.58,1441.65
8/20/2022 0:00,7.27,-0.58,4.62,5.5,1441.15
8/20/2022 1:00,7.4,-0.64,4.52,5.41,1441.6
8/20/2022 2:00,7.27,-0.58,5.02,5.95,1441.66
8/20/2022 3:00,7.09,-0.58,4.28,5.09,1439.99
8/20/2022 4:00,6.92,-0.58,3.94,4.7,1438.84
8/20/2022 5:00,6.85,-0.52,3.42,4.1,1437.88
8/20/2022 6:00,6.78,-0.46,3.81,4.53,1438.08
8/20/2022 7:00,6.57,-0.52,3.85,4.55,1437.24
8/20/2022 8:00,6.18,-0.46,2.76,3.29,1434.19
8/20/2022 9:00,5.97,-0.52,2.32,2.78,1432.71
8/20/2022 10:00,5.89,-0.46,2.33,2.78,1432.41
8/20/2022 11:00,5.75,-0.58,2.34,2.78,1431.81
8/20/2022 12:00,5.64,-0.52,2.35,2.78,1431.35
8/20/2022 13:00,5.54,-0.52,2.36,2.78,1430.89
8/20/2022 14:00,5.68,-0.52,2.34,2.78,1431.5
8/20/2022 15:00,5.93,-0.64,2.33,2.78,1432.56
8/20/2022 16:00,5.97,-0.58,2.32,2.78,1432.71
8/20/2022 17:00,6.11,-0.58,2.31,2.78,1433.31
8/20/2022 18:00,6.07,-0.52,2.31,2.78,1433.16
8/20/2022 19:00,6.07,-0.58,2.31,2.78,1433.16
8/20/2022 20:00,6,-0.58,2.32,2.78,1432.86
8/20/2022 21:00,5.89,-0.58,2.33,2.78,1432.41
8/20/2022 22:00,5.75,-0.64,2.34,2.78,1431.81
8/20/2022 23:00,5.57,-0.71,2.35,2.78,1431.04
8/21/2022 0:00,5.25,-0.71,2.38,2.79,1429.66
8/21/2022 1:00,5,-0.77,2.4,2.79,1428.57
8/21/2022 2:00,4.7,-0.77,2.42,2.79,1427.31
8/21/2022 3:00,4.52,-0.64,2.44,2.79,1426.52
8/21/2022 4:00,4.41,-0.58,2.45,2.8,1426.04
8/21/2022 5:00,4.26,-0.58,2.46,2.8,1425.39
8/21/2022 6:00,4.12,-0.64,2.47,2.8,1424.75
8/21/2022 7:00,3.89,-0.52,2.49,2.8,1423.76
8/21/2022 8:00,3.67,-0.52,2.51,2.8,1422.78
8/21/2022 9:00,3.71,-0.58,2.51,2.8,1422.94
8/21/2022 10:00,3.78,-0.52,2.5,2.8,1423.27
8/21/2022 11:00,3.78,-0.52,2.5,2.8,1423.27
8/21/2022 12:00,3.93,-0.52,2.49,2.8,1423.93
8/21/2022 13:00,4,-0.58,2.48,2.8,1424.26
8/21/2022 14:00,4.19,-0.71,2.46,2.8,1425.07
8/21/2022 15:00,4.59,-0.58,2.44,2.8,1426.84
8/21/2022 16:00,4.92,-0.58,2.41,2.79,1428.26
8/21/2022 17:00,5.1,-0.58,2.39,2.79,1429.04
8/21/2022 18:00,5.1,-0.64,2.39,2.79,1429.04
8/21/2022 19:00,5.07,-0.52,2.39,2.79,1428.89
8/21/2022 20:00,4.89,-0.64,2.41,2.79,1428.1
8/21/2022 21:00,4.63,-0.58,2.43,2.79,1426.99
8/21/2022 22:00,4.37,-0.64,2.45,2.8,1425.88
8/21/2022 23:00,4.12,-0.64,2.47,2.8,1424.74
8/22/2022 0:00,3.78,-0.71,2.5,2.8,1423.27
8/22/2022 1:00,3.33,-0.64,2.53,2.8,1421.26
8/22/2022 2:00,2.61,-0.64,2.6,2.81,1418.03
8/22/2022 3:00,2.46,-0.71,2.61,2.81,1417.33
8/22/2022 4:00,2.15,-0.64,2.64,2.81,1415.92
8/22/2022 5:00,1.99,-0.58,2.65,2.81,1415.21
8/22/2022 6:00,2.03,-0.64,2.65,2.81,1415.39
8/22/2022 7:00,2.34,-0.64,2.62,2.81,1416.81
8/22/2022 8:00,2.53,-0.64,2.61,2.81,1417.68
8/22/2022 9:00,2.73,-0.64,2.59,2.81,1418.55
8/22/2022 10:00,2.84,-0.64,2.58,2.81,1419.06
8/22/2022 11:00,2.95,-0.64,2.57,2.81,1419.58
8/22/2022 12:00,3.37,-0.64,2.53,2.8,1421.44
8/22/2022 13:00,3.56,-0.71,2.52,2.8,1422.28
8/22/2022 14:00,3.78,-0.71,2.5,2.8,1423.27
8/22/2022 15:00,3.74,-0.77,2.5,2.8,1423.1
8/22/2022 16:00,4,-0.77,2.48,2.8,1424.25
8/22/2022 17:00,3.97,-0.77,2.48,2.8,1424.09
8/22/2022 18:00,3.52,-0.77,2.52,2.8,1422.11
8/22/2022 19:00,3.48,-0.77,2.52,2.8,1421.94
8/22/2022 20:00,3.44,-0.71,2.53,2.8,1421.78
8/22/2022 21:00,3.56,-0.77,2.52,2.8,1422.28
8/22/2022 22:00,3.82,-0.77,2.5,2.8,1423.43
8/22/2022 23:00,3.63,-0.83,2.51,2.8,1422.6
8/23/2022 0:00,3.59,-0.77,2.51,2.8,1422.44
8/23/2022 1:00,3.41,-0.71,2.53,2.8,1421.61
8/23/2022 2:00,3.18,-0.83,2.55,2.81,1420.59
8/23/2022 3:00,2.95,-0.77,2.57,2.81,1419.57
8/23/2022 4:00,2.53,-0.77,2.61,2.81,1417.68
8/23/2022 5:00,2.34,-0.77,2.62,2.81,1416.8
8/23/2022 6:00,2.26,-0.77,2.63,2.81,1416.45
8/23/2022 7:00,2.34,-0.77,2.62,2.81,1416.8
8/23/2022 8:00,2.73,-0.77,2.59,2.81,1418.54
8/23/2022 9:00,3.33,-0.71,2.54,2.81,1421.28
8/23/2022 10:00,3.74,-0.77,2.5,2.8,1423.1
8/23/2022 11:00,3.67,-0.77,2.51,2.8,1422.77
8/23/2022 12:00,4,-0.71,2.48,2.8,1424.26
8/23/2022 13:00,4.26,-0.71,2.46,2.8,1425.4
8/23/2022 14:00,4.63,-0.71,2.43,2.79,1426.99
8/23/2022 15:00,4.96,-0.71,2.41,2.79,1428.42
8/23/2022 16:00,5.36,-0.77,2.37,2.79,1430.12
8/23/2022 17:00,5.54,-0.64,2.36,2.79,1430.9
8/23/2022 18:00,5.57,-0.64,2.35,2.79,1431.05
8/23/2022 19:00,6.04,-0.71,2.32,2.79,1433.02
8/23/2022 20:00,5.82,-0.64,2.33,2.78,1432.11
8/23/2022 21:00,5.86,-0.58,2.33,2.78,1432.26
8/23/2022 22:00,5.93,-0.58,2.33,2.78,1432.56
8/23/2022 23:00,5.89,-0.64,2.33,2.78,1432.41
8/24/2022 0:00,6.11,-0.58,2.31,2.78,1433.31
8/24/2022 1:00,6.36,-0.64,2.3,2.78,1434.35
8/24/2022 2:00,6.14,-0.64,2.31,2.78,1433.46
8/24/2022 3:00,6.21,-0.71,2.3,2.78,1433.76
8/24/2022 4:00,6.18,-0.64,2.31,2.78,1433.61
8/24/2022 5:00,5.54,-0.64,2.35,2.78,1430.88
8/24/2022 6:00,5.1,-0.71,2.39,2.79,1429.04
8/24/2022 7:00,5.18,-0.64,2.39,2.79,1429.35
8/24/2022 8:00,5.18,-0.64,2.38,2.79,1429.35
8/24/2022 9:00,6.32,-0.95,2.31,2.79,1434.21
,,,,,
,,,,,
,,,,,
,,,,,
