datetime,temp,depth,salinity,conduct,velocity 
7/8/2022 12:00,7.88,-1.12,0,0,1437.89
7/8/2022 13:00,8.06,-1.12,0,0,1438.6
7/8/2022 14:00,8.19,-1.17,0,0,1439.17
7/8/2022 15:00,8.5,-1.17,0,0,1440.43
7/8/2022 16:00,8.63,-1.17,0,0,1440.98
7/8/2022 17:00,8.84,-1.17,0,0,1441.81
7/8/2022 18:00,9.11,-1.06,0,0,1442.9
7/8/2022 19:00,9.21,-1.12,0,0,1443.31
7/8/2022 20:00,9.27,-1.12,0,0,1443.58
7/8/2022 21:00,9.24,-1.17,0,0,1443.44
7/8/2022 22:00,9.14,-1.12,0,0,1443.04
7/8/2022 23:00,8.9,-1.12,0,0,1442.09
7/9/2022 0:00,8.63,-1.17,0,0,1440.98
7/9/2022 1:00,8.53,-1.17,0,0,1440.57
7/9/2022 2:00,7.92,-1.17,0,0,1438.03
7/9/2022 3:00,8.16,-1.12,0,0,1439.03
7/9/2022 4:00,8.02,-1.12,0,0,1438.46
7/9/2022 5:00,7.99,-1.12,0,0,1438.32
7/9/2022 6:00,7.92,-1.12,0,0,1438.03
7/9/2022 7:00,7.95,-1,0,0,1438.18
7/9/2022 8:00,7.95,-1.06,0,0,1438.18
7/9/2022 9:00,8.02,-1,0,0,1438.46
7/9/2022 10:00,8.16,-1,0,0,1439.03
7/9/2022 11:00,8.4,-0.94,0,0,1440.01
7/9/2022 12:00,8.57,-1,0,0,1440.71
7/9/2022 13:00,8.87,-1.06,0,0,1441.95
7/9/2022 14:00,9.24,-1.06,0,0,1443.45
7/9/2022 15:00,9.51,-1.06,0,0,1444.52
7/9/2022 16:00,9.77,-1.06,0.01,0,1445.58
7/9/2022 17:00,9.87,-1.12,0.01,0,1445.98
7/9/2022 18:00,9.91,-1.12,0.01,0,1446.11
7/9/2022 19:00,9.81,-1.06,0.01,0,1445.71
7/9/2022 20:00,9.71,-1.12,0.01,0,1445.32
7/9/2022 21:00,9.64,-1.12,0.01,0,1445.05
7/9/2022 22:00,9.57,-1.06,0.01,0,1444.79
7/9/2022 23:00,9.34,-1.12,0,0,1443.85
7/10/2022 0:00,9.17,-1.17,0,0,1443.17
7/10/2022 1:00,9.11,-1.12,0,0,1442.9
7/10/2022 2:00,8.94,-1.12,0,0,1442.22
7/10/2022 3:00,8.77,-1.12,0,0,1441.54
7/10/2022 4:00,8.63,-1.17,0,0,1440.98
7/10/2022 5:00,8.5,-1.06,0,0,1440.43
7/10/2022 6:00,8.4,-1,0,0,1440.01
7/10/2022 7:00,8.29,-1,0,0,1439.59
7/10/2022 8:00,8.53,-1,0,0,1440.57
7/10/2022 9:00,8.74,-0.89,0,0,1441.4
7/10/2022 10:00,8.97,-0.89,0,0,1442.36
7/10/2022 11:00,9.04,-0.83,0,0,1442.64
7/10/2022 12:00,9.41,-0.89,0,0,1444.12
7/10/2022 13:00,9.37,-0.83,0,0,1443.99
7/10/2022 14:00,9.61,-0.94,0.01,0,1444.92
7/10/2022 15:00,9.87,-0.94,0.01,0,1445.98
7/10/2022 16:00,10.07,-1,0.01,0,1446.76
7/10/2022 17:00,10.17,-0.94,0.01,0,1447.16
7/10/2022 18:00,10.2,-1,0.01,0,1447.29
7/10/2022 19:00,10.24,-0.94,0.01,0,1447.42
7/10/2022 20:00,10.17,-0.94,0.01,0,1447.16
7/10/2022 21:00,10.1,-0.94,0.01,0,1446.9
7/10/2022 22:00,10.04,-0.94,0.01,0,1446.63
7/10/2022 23:00,9.91,-1,0.01,0,1446.11
7/11/2022 0:00,9.81,-1,0.01,0,1445.71
7/11/2022 1:00,9.64,-0.94,0.01,0,1445.05
7/11/2022 2:00,9.57,-1,0.01,0,1444.79
7/11/2022 3:00,9.44,-1.06,0,0,1444.25
7/11/2022 4:00,9.31,-1,0,0,1443.72
7/11/2022 5:00,9.24,-1.06,0,0,1443.45
7/11/2022 6:00,9.37,-1,0,0,1443.98
7/11/2022 7:00,9.44,-0.94,0,0,1444.25
7/11/2022 8:00,9.14,-0.89,0,0,1443.04
7/11/2022 9:00,9.61,-0.89,0.01,0,1444.92
7/11/2022 10:00,9.61,-0.77,0.01,0,1444.92
7/11/2022 11:00,9.57,-0.77,0.01,0,1444.79
7/11/2022 12:00,9.77,-0.72,0.01,0,1445.59
7/11/2022 13:00,10.04,-0.72,0.01,0,1446.64
7/11/2022 14:00,10.17,-0.77,0.01,0,1447.16
7/11/2022 15:00,10.2,-0.72,0.01,0,1447.29
7/11/2022 16:00,10.37,-0.77,0.01,0,1447.94
7/11/2022 17:00,10.6,-0.89,0.01,0,1448.83
7/11/2022 18:00,10.66,-0.89,0.01,0,1449.09
7/11/2022 19:00,10.66,-0.94,0.01,0,1449.09
7/11/2022 20:00,10.73,-0.89,0.01,0,1449.34
7/11/2022 21:00,10.66,-0.94,0.01,0,1449.09
7/11/2022 22:00,10.66,-0.94,0.01,0,1449.09
7/11/2022 23:00,10.47,-0.89,0.01,0,1448.32
7/12/2022 0:00,10.07,-0.89,0.01,0,1446.77
7/12/2022 1:00,9.97,-1,0.01,0,1446.37
7/12/2022 2:00,9.87,-0.94,0.01,0,1445.98
7/12/2022 3:00,9.64,-1,0.01,0,1445.05
7/12/2022 4:00,9.54,-1.06,0.01,0,1444.65
7/12/2022 5:00,9.47,-1.06,0,0,1444.39
7/12/2022 6:00,9.51,-1,0,0,1444.52
7/12/2022 7:00,9.21,-1,0,0,1443.31
7/12/2022 8:00,9.31,-1.06,0,0,1443.72
7/12/2022 9:00,9.17,-1,0,0,1443.18
7/12/2022 10:00,9.11,-0.94,0,0,1442.91
7/12/2022 11:00,9.11,-0.83,0,0,1442.91
7/12/2022 12:00,9.07,-0.77,0,0,1442.77
7/12/2022 13:00,9.11,-0.83,0,0,1442.91
7/12/2022 14:00,9.07,-0.83,0,0,1442.77
7/12/2022 15:00,9.04,-0.89,0,0,1442.64
7/12/2022 16:00,8.94,-0.89,0,0,1442.23
7/12/2022 17:00,8.94,-1,0,0,1442.22
7/12/2022 18:00,9.07,-0.94,0,0,1442.77
7/12/2022 19:00,8.94,-1.12,0,0,1442.22
7/12/2022 20:00,8.94,-1.06,0,0,1442.22
7/12/2022 21:00,8.8,-1,0,0,1441.68
7/12/2022 22:00,8.6,-1,0,0,1440.85
7/12/2022 23:00,8.53,-0.94,0,0,1440.57
7/13/2022 0:00,8.06,-0.94,0,0,1438.61
7/13/2022 1:00,8.06,-0.94,0,0,1438.61
7/13/2022 2:00,7.92,-1,0,0,1438.04
7/13/2022 3:00,7.68,-1,0,0,1437.03
7/13/2022 4:00,7.64,-1.06,0,0,1436.89
7/13/2022 5:00,7.44,-1.12,0,0,1436.02
7/13/2022 6:00,7.37,-1.12,0,0,1435.73
7/13/2022 7:00,7.26,-1.12,0,0,1435.29
7/13/2022 8:00,7.19,-1.12,0,0,1434.99
7/13/2022 9:00,6.91,-1.06,0,0,1433.81
7/13/2022 10:00,6.24,-1,0,0,1430.95
7/13/2022 11:00,5.71,-0.94,0,0,1428.62
7/13/2022 12:00,6.21,-0.83,0,0,1430.8
7/13/2022 13:00,6,-0.83,0,0,1429.87
7/13/2022 14:00,6.53,-0.83,0,0,1432.17
7/13/2022 15:00,6.39,-0.83,0,0,1431.56
7/13/2022 16:00,6.74,-0.83,0,0,1433.07
7/13/2022 17:00,6.67,-0.83,0,0,1432.77
7/13/2022 18:00,6.7,-0.89,0,0,1432.92
7/13/2022 19:00,6,-0.89,0,0,1429.87
7/13/2022 20:00,6.28,-0.89,0,0,1431.1
7/13/2022 21:00,6.21,-0.94,0,0,1430.79
7/13/2022 22:00,6.39,-0.89,0,0,1431.56
7/13/2022 23:00,6.42,-0.83,0,0,1431.71
7/14/2022 0:00,6.35,-0.83,0,0,1431.41
7/14/2022 1:00,6.07,-0.77,0,0,1430.18
7/14/2022 2:00,5.71,-0.77,0,0,1428.63
7/14/2022 3:00,5.42,-0.83,0,0,1427.36
7/14/2022 4:00,5.28,-0.89,0,0,1426.73
7/14/2022 5:00,4.88,-0.94,0,0,1424.95
7/14/2022 6:00,4.73,-1,0,0,1424.3
7/14/2022 7:00,4.4,-1,0,0,1422.82
7/14/2022 8:00,4.47,-0.94,0,0,1423.15
7/14/2022 9:00,4.44,-1,0,0,1422.98
7/14/2022 10:00,4.84,-1,0,0,1424.79
7/14/2022 11:00,4.73,-0.89,0,0,1424.3
7/14/2022 12:00,5.1,-0.83,0,0,1425.93
7/14/2022 13:00,5.39,-0.77,0,0,1427.21
7/14/2022 14:00,5.6,-0.72,0,0,1428.16
7/14/2022 15:00,5.35,-0.72,0,0,1427.05
7/14/2022 16:00,5.2,-0.72,0,0,1426.41
7/14/2022 17:00,5.2,-0.77,0,0,1426.41
7/14/2022 18:00,5.17,-0.89,0,0,1426.25
7/14/2022 19:00,5.28,-0.89,0,0,1426.73
7/14/2022 20:00,5.6,-0.89,0,0,1428.15
7/14/2022 21:00,5.6,-0.94,0,0,1428.15
7/14/2022 22:00,5.06,-0.94,0,0,1425.76
7/14/2022 23:00,4.99,-0.89,0,0,1425.44
7/15/2022 0:00,4.62,-0.89,0,0,1423.81
7/15/2022 1:00,4.77,-0.89,0,0,1424.47
7/15/2022 2:00,5.28,-0.83,0,0,1426.73
7/15/2022 3:00,5.35,-0.89,0,0,1427.05
7/15/2022 4:00,4.91,-0.89,0,0,1425.12
7/15/2022 5:00,5.24,-1,0,0,1426.56
7/15/2022 6:00,5.2,-0.94,0,0,1426.41
7/15/2022 7:00,5.2,-1,0,0,1426.4
7/15/2022 8:00,5.24,-1,0,0,1426.56
7/15/2022 9:00,5.24,-1.06,0,0,1426.56
7/15/2022 10:00,5.28,-1,0,0,1426.72
7/15/2022 11:00,5.31,-1,0,0,1426.88
7/15/2022 12:00,5.49,-1,0,0,1427.68
7/15/2022 13:00,5.75,-0.89,0,0,1428.78
7/15/2022 14:00,6.03,-0.83,0,0,1430.03
7/15/2022 15:00,6.21,-0.83,0,0,1430.8
7/15/2022 16:00,6.39,-0.77,0,0,1431.56
7/15/2022 17:00,6.63,-0.77,0,0,1432.62
7/15/2022 18:00,6.81,-0.89,0,0,1433.37
7/15/2022 19:00,6.74,-0.94,0,0,1433.07
7/15/2022 20:00,6.77,-0.94,0,0,1433.22
7/15/2022 21:00,6.7,-0.94,0,0,1432.92
7/15/2022 22:00,6.63,-0.94,0,0,1432.62
7/15/2022 23:00,5.57,-0.89,0,0,1428
7/16/2022 0:00,4.21,-0.89,0,0,1421.99
7/16/2022 1:00,2.82,-0.83,0,0,1415.6
7/16/2022 2:00,2.82,-0.83,0,0,1415.6
7/16/2022 3:00,4.1,-0.89,0,0,1421.48
7/16/2022 4:00,3.54,-0.83,0,0,1418.93
7/16/2022 5:00,4.95,-0.89,0,0,1425.28
7/16/2022 6:00,4.55,-1,0,0,1423.48
7/16/2022 7:00,4.62,-1.06,0,0,1423.81
7/16/2022 8:00,4.95,-1.06,0,0,1425.28
7/16/2022 9:00,5.28,-1.06,0,0,1426.72
7/16/2022 10:00,5.06,-1.12,0,0,1425.76
7/16/2022 11:00,3.99,-1,0,0,1420.97
7/16/2022 12:00,2.9,-1,0,0,1415.95
7/16/2022 13:00,1.97,-0.89,0,0,1411.6
7/16/2022 14:00,3.88,-0.94,0,0,1420.47
7/16/2022 15:00,2.78,-0.83,0,0,1415.42
7/16/2022 16:00,3.81,-0.83,0,0,1420.13
7/16/2022 17:00,6.1,-0.94,0,0,1430.33
7/16/2022 18:00,5.6,-0.89,0,0,1428.15
7/16/2022 19:00,5.17,-1,0,0,1426.24
7/16/2022 20:00,5.17,-1.06,0,0,1426.24
7/16/2022 21:00,6.07,-1,0,0,1430.18
7/16/2022 22:00,6.56,-1.06,0,0,1432.31
7/16/2022 23:00,6.21,-1.12,0,0,1430.79
7/17/2022 0:00,6.7,-1,0,0,1432.92
7/17/2022 1:00,6.53,-1,0,0,1432.16
7/17/2022 2:00,6.6,-1,0,0,1432.47
7/17/2022 3:00,6.46,-1,0,0,1431.86
7/17/2022 4:00,6.35,-0.94,0,0,1431.41
7/17/2022 5:00,6.39,-0.89,0,0,1431.56
7/17/2022 6:00,6.28,-0.94,0,0,1431.1
7/17/2022 7:00,6.14,-1.06,0,0,1430.48
7/17/2022 8:00,6.1,-1.17,0,0,1430.33
7/17/2022 9:00,6.07,-1.12,0,0,1430.18
7/17/2022 10:00,6.17,-1.17,0,0,1430.64
7/17/2022 11:00,6.39,-1.12,0,0,1431.55
7/17/2022 12:00,6.7,-1.06,0,0,1432.92
7/17/2022 13:00,6.91,-1.06,0,0,1433.81
7/17/2022 14:00,7.12,-0.94,0,0,1434.7
7/17/2022 15:00,7.23,-1.06,0,0,1435.14
7/17/2022 16:00,7.47,-0.94,0,0,1436.17
7/17/2022 17:00,7.75,-0.94,0,0,1437.32
7/17/2022 18:00,7.95,-1,0,0,1438.18
7/17/2022 19:00,8.02,-0.89,0,0,1438.47
7/17/2022 20:00,8.02,-1.12,0,0,1438.46
7/17/2022 21:00,7.99,-1.12,0,0,1438.32
7/17/2022 22:00,7.92,-1.12,0,0,1438.03
7/17/2022 23:00,7.85,-1.12,0,0,1437.75
7/18/2022 0:00,7.68,-1.06,0,0,1437.03
7/18/2022 1:00,7.57,-1,0,0,1436.6
7/18/2022 2:00,7.47,-0.94,0,0,1436.17
7/18/2022 3:00,7.37,-0.89,0,0,1435.73
7/18/2022 4:00,7.26,-1,0,0,1435.29
7/18/2022 5:00,7.23,-0.94,0,0,1435.14
7/18/2022 6:00,7.16,-0.94,0,0,1434.85
7/18/2022 7:00,7.12,-1,0,0,1434.7
7/18/2022 8:00,7.05,-1,0,0,1434.41
7/18/2022 9:00,7.12,-1.06,0,0,1434.7
7/18/2022 10:00,7.33,-1.06,0,0,1435.58
7/18/2022 11:00,7.61,-1.17,0,0,1436.74
7/18/2022 12:00,7.88,-1.06,0,0,1437.89
7/18/2022 13:00,8.19,-1,0,0,1439.17
7/18/2022 14:00,8.46,-1,0,0,1440.29
7/18/2022 15:00,8.77,-0.94,0,0,1441.54
7/18/2022 16:00,8.97,-1.06,0,0,1442.36
7/18/2022 17:00,8.77,-1,0,0,1441.54
7/18/2022 18:00,8.29,-0.94,0,0,1439.59
7/18/2022 19:00,8.16,-1,0,0,1439.03
7/18/2022 20:00,8.6,-1.06,0,0,1440.85
7/18/2022 21:00,8.77,-1,0,0,1441.54
7/18/2022 22:00,8.43,-1.06,0,0,1440.15
7/18/2022 23:00,7.82,-0.94,0,0,1437.61
7/19/2022 0:00,7.51,-1,0,0,1436.31
7/19/2022 1:00,7.47,-0.94,0,0,1436.17
7/19/2022 2:00,5.6,-0.89,0,0,1428.15
7/19/2022 3:00,5.06,-0.83,0,0,1425.76
7/19/2022 4:00,5.57,-0.66,0,0,1428
7/19/2022 5:00,5.67,-0.77,0,0,1428.47
7/19/2022 6:00,5.78,-0.72,0,0,1428.94
7/19/2022 7:00,5.67,-0.77,0,0,1428.47
7/19/2022 8:00,5.71,-0.83,0,0,1428.63
7/19/2022 9:00,5.75,-0.83,0,0,1428.78
7/19/2022 10:00,5.85,-0.89,0,0,1429.25
7/19/2022 11:00,6,-0.89,0,0,1429.87
7/19/2022 12:00,6.6,-1,0,0,1432.47
7/19/2022 13:00,7.4,-1,0,0,1435.87
7/19/2022 14:00,7.4,-0.89,0,0,1435.88
7/19/2022 15:00,7.44,-0.89,0,0,1436.02
7/19/2022 16:00,7.64,-0.94,0,0,1436.89
7/19/2022 17:00,7.68,-1,0,0,1437.03
7/19/2022 18:00,7.75,-1,0,0,1437.32
7/19/2022 19:00,7.78,-0.94,0,0,1437.47
7/19/2022 20:00,7.82,-1.12,0,0,1437.61
7/19/2022 21:00,7.85,-1.17,0,0,1437.75
7/19/2022 22:00,7.88,-1.17,0,0,1437.89
7/19/2022 23:00,7.82,-1.29,0,0,1437.6
7/20/2022 0:00,7.75,-1.23,0,0,1437.32
7/20/2022 1:00,7.64,-1.12,0,0,1436.89
7/20/2022 2:00,7.57,-1.23,0,0,1436.6
7/20/2022 3:00,7.47,-1.12,0,0,1436.16
7/20/2022 4:00,7.37,-1.06,0,0,1435.73
7/20/2022 5:00,7.37,-1.12,0,0,1435.73
7/20/2022 6:00,7.26,-1.12,0,0,1435.29
7/20/2022 7:00,7.4,-1,0,0,1435.87
7/20/2022 8:00,7.51,-1.12,0,0,1436.31
7/20/2022 9:00,7.64,-1.12,0,0,1436.89
7/20/2022 10:00,7.88,-1.12,0,0,1437.89
7/20/2022 11:00,8.26,-1.17,0,0,1439.45
7/20/2022 12:00,8.63,-1.23,0,0,1440.98
7/20/2022 13:00,9.24,-1.12,0,0,1443.44
7/20/2022 14:00,9.44,-1.12,0,0,1444.25
7/20/2022 15:00,9.94,-1.12,0.01,0,1446.24
7/20/2022 16:00,10.24,-1.12,0.01,0,1447.41
7/20/2022 17:00,10.5,-0.94,0.01,0,1448.45
7/20/2022 18:00,10.89,-0.94,0.01,0,1449.98
7/20/2022 19:00,11.02,-1.06,0.01,0,1450.48
7/20/2022 20:00,11.02,-1.06,0.01,0,1450.48
7/20/2022 21:00,11.25,-0.94,0.01,0,1451.36
7/20/2022 22:00,11.44,-1.06,0.01,0,1452.1
7/20/2022 23:00,11.35,-1,0.01,0,1451.73
7/21/2022 0:00,11.09,-1.12,0.01,0,1450.73
7/21/2022 1:00,10.6,-0.94,0.01,0,1448.83
7/21/2022 2:00,10.53,-1.17,0.01,0,1448.57
7/21/2022 3:00,10.37,-1.17,0.01,0,1447.93
7/21/2022 4:00,10.2,-1.06,0.01,0,1447.28
7/21/2022 5:00,10.04,-1,0.01,0,1446.63
7/21/2022 6:00,9.94,-0.94,0.01,0,1446.24
7/21/2022 7:00,9.84,-1.06,0.01,0,1445.85
7/21/2022 8:00,9.77,-1.06,0.01,0,1445.58
7/21/2022 9:00,9.97,-1.12,0.01,0,1446.37
7/21/2022 10:00,9.87,-1,0.01,0,1445.98
7/21/2022 11:00,9.77,-1.12,0.01,0,1445.58
7/21/2022 12:00,9.77,-1.06,0.01,0,1445.58
7/21/2022 13:00,9.91,-1.06,0.01,0,1446.11
7/21/2022 14:00,10.07,-1.06,0.01,0,1446.76
7/21/2022 15:00,10.04,-1.06,0.01,0,1446.63
7/21/2022 16:00,10.24,-1.12,0.01,0,1447.41
7/21/2022 17:00,10.27,-1.12,0.01,0,1447.54
7/21/2022 18:00,10.2,-1.06,0.01,0,1447.28
7/21/2022 19:00,10.1,-0.94,0.01,0,1446.9
7/21/2022 20:00,9.97,-0.94,0.01,0,1446.37
7/21/2022 21:00,9.77,-0.83,0.01,0,1445.59
7/21/2022 22:00,9.64,-1.06,0.01,0,1445.05
7/21/2022 23:00,9.44,-0.94,0,0,1444.25
7/22/2022 0:00,9.24,-1.06,0,0,1443.45
7/22/2022 1:00,9.07,-1.06,0,0,1442.77
7/22/2022 2:00,8.9,-1.06,0,0,1442.09
7/22/2022 3:00,8.74,-1,0,0,1441.4
7/22/2022 4:00,8.57,-1.06,0,0,1440.71
7/22/2022 5:00,8.5,-1,0,0,1440.43
7/22/2022 6:00,8.4,-0.89,0,0,1440.01
7/22/2022 7:00,8.33,-0.83,0,0,1439.74
7/22/2022 8:00,8.29,-0.89,0,0,1439.59
7/22/2022 9:00,8.26,-0.89,0,0,1439.45
7/22/2022 10:00,8.23,-0.89,0,0,1439.31
7/22/2022 11:00,8.23,-0.89,0,0,1439.31
7/22/2022 12:00,8.29,-0.94,0,0,1439.59
7/22/2022 13:00,8.43,-0.89,0,0,1440.15
7/22/2022 14:00,8.36,-0.89,0,0,1439.87
7/22/2022 15:00,8.23,-0.89,0,0,1439.31
7/22/2022 16:00,8.29,-0.89,0,0,1439.59
7/22/2022 17:00,8.43,-0.77,0,0,1440.16
7/22/2022 18:00,8.43,-0.77,0,0,1440.16
7/22/2022 19:00,8.46,-0.72,0,0,1440.3
7/22/2022 20:00,8.36,-0.77,0,0,1439.88
7/22/2022 21:00,8.26,-0.83,0,0,1439.46
7/22/2022 22:00,7.68,-0.77,0,0,1437.04
7/22/2022 23:00,7.19,-0.72,0,0,1435
7/23/2022 0:00,7.09,-0.77,0,0,1434.56
7/23/2022 1:00,6.88,-0.83,0,0,1433.67
7/23/2022 2:00,7.12,-0.83,0,0,1434.7
7/23/2022 3:00,6.56,-0.83,0,0,1432.32
7/23/2022 4:00,5.82,-0.77,0,0,1429.1
7/23/2022 5:00,5.85,-0.72,0,0,1429.25
7/23/2022 6:00,5.49,-0.72,0,0,1427.68
7/23/2022 7:00,5.31,-0.66,0,0,1426.89
7/23/2022 8:00,5.17,-0.6,0,0,1426.25
7/23/2022 9:00,4.8,-1.06,13.87,14.29,1442.53
7/23/2022 10:00,4.47,-1.06,14.73,14.96,1442.21
7/23/2022 11:00,4.44,-1.06,15.06,15.25,1442.47
7/23/2022 12:00,4.21,-1,14.96,15.06,1441.38
7/23/2022 13:00,3.73,-1.06,14.42,14.36,1438.55
7/23/2022 14:00,4.03,-1.06,14.31,14.39,1439.72
7/23/2022 15:00,4.18,-1.06,14.23,14.37,1440.27
7/23/2022 16:00,4.14,-1.06,14.18,14.32,1440.05
7/23/2022 17:00,4.18,-1.12,14.12,14.27,1440.12
7/23/2022 18:00,4.62,-1.12,11.06,11.53,1438.11
7/23/2022 19:00,4.73,-1.12,9.8,10.34,1436.95
7/23/2022 20:00,4.69,-1.12,10.67,11.17,1437.91
7/23/2022 21:00,4.66,-1.12,12.05,12.49,1439.54
7/23/2022 22:00,4.88,-1.12,11.99,12.51,1440.41
7/23/2022 23:00,4.8,-1.17,11.77,12.28,1439.82
7/24/2022 0:00,5.64,-1.12,0,0,1428.31
7/24/2022 1:00,5.75,-1.17,0,0,1428.78
7/24/2022 2:00,5.89,-1.17,0,0,1429.4
7/24/2022 3:00,5.89,-1.23,0,0,1429.4
7/24/2022 4:00,5.92,-1.17,0,0,1429.56
7/24/2022 5:00,5.96,-1.23,0,0,1429.71
7/24/2022 6:00,6.03,-1.12,0,0,1430.02
7/24/2022 7:00,5.96,-1.12,0,0,1429.71
7/24/2022 8:00,6,-1.06,0,0,1429.87
7/24/2022 9:00,6.24,-1.12,0,0,1430.94
7/24/2022 10:00,6.49,-1.06,0,0,1432.01
7/24/2022 11:00,6.39,-1.06,0,0,1431.56
7/24/2022 12:00,6.39,-1.06,0,0,1431.56
7/24/2022 13:00,6.63,-1,0,0,1432.62
7/24/2022 14:00,6.88,-1.12,0,0,1433.66
7/24/2022 15:00,6.63,-1.12,0,0,1432.61
7/24/2022 16:00,7.92,-1.12,0,0,1438.03
7/24/2022 17:00,8.09,-1.12,0,0,1438.75
7/24/2022 18:00,8.26,-1.23,0,0,1439.45
7/24/2022 19:00,8.16,-1.12,0,0,1439.03
7/24/2022 20:00,8.26,-1.17,0,0,1439.45
7/24/2022 21:00,8.29,-1.17,0,0,1439.59
7/24/2022 22:00,8.33,-1.12,0,0,1439.73
7/24/2022 23:00,8.02,-1.17,0,0,1438.46
7/25/2022 0:00,7.88,-1.12,0,0,1437.89
7/25/2022 1:00,8.06,-1.17,0,0,1438.6
7/25/2022 2:00,7.85,-1.17,0,0,1437.75
7/25/2022 3:00,7.54,-1.29,0,0,1436.45
7/25/2022 4:00,7.44,-1.34,0,0,1436.01
7/25/2022 5:00,7.33,-1.29,0,0,1435.58
7/25/2022 6:00,7.23,-1.4,0,0,1435.14
7/25/2022 7:00,7.09,-1.34,0,0,1434.55
7/25/2022 8:00,7.16,-1.29,0,0,1434.84
7/25/2022 9:00,7.02,-1.12,0,0,1434.26
7/25/2022 10:00,7.05,-1.12,0,0,1434.4
7/25/2022 11:00,7.16,-1.29,0,0,1434.84
7/25/2022 12:00,7.23,-1.17,0,0,1435.14
7/25/2022 13:00,7.3,-1.17,0,0,1435.43
7/25/2022 14:00,7.44,-1.23,0,0,1436.02
7/25/2022 15:00,7.47,-1.29,0,0,1436.16
7/25/2022 16:00,7.54,-1.29,0,0,1436.45
7/25/2022 17:00,7.54,-1.4,0,0,1436.45
7/25/2022 18:00,7.47,-1.34,0,0,1436.16
7/25/2022 19:00,7.37,-1.34,0,0,1435.72
7/25/2022 20:00,7.19,-1.4,0,0,1434.99
7/25/2022 21:00,7.05,-1.34,0,0,1434.4
7/25/2022 22:00,6.95,-1.4,0,0,1433.96
7/25/2022 23:00,6.81,-1.51,0,0,1433.36
7/26/2022 0:00,6.67,-1.46,0,0,1432.76
7/26/2022 1:00,6.53,-1.51,0,0,1432.16
7/26/2022 2:00,6.35,-1.51,0,0,1431.4
7/26/2022 3:00,6.14,-1.57,0,0,1430.48
7/26/2022 4:00,5.82,-1.63,0,0,1429.08
7/26/2022 5:00,5.92,-1.63,0,0,1429.55
7/26/2022 6:00,6.03,-1.57,0,0,1430.01
7/26/2022 7:00,5.78,-1.63,0,0,1428.93
7/26/2022 8:00,5.82,-1.63,0,0,1429.08
7/26/2022 9:00,5.92,-1.51,10.7,11.59,1443.24
7/26/2022 10:00,6.24,-1.51,12.76,13.76,1447.21
7/26/2022 11:00,6.49,-1.4,13.06,14.15,1448.63
7/26/2022 12:00,6.88,-1.46,12.08,13.31,1448.99
7/26/2022 13:00,5.46,-1.46,18.87,19.31,1451.74
7/26/2022 14:00,5.71,-1.4,19.67,20.2,1453.82
7/26/2022 15:00,6.67,-1.4,16.74,17.87,1454.04
7/26/2022 16:00,7.16,-1.46,14.9,16.27,1453.71
7/26/2022 17:00,7.78,-1.51,14.24,15.87,1455.4
7/26/2022 18:00,7.99,-1.46,13.29,14.96,1455.03
7/26/2022 19:00,8.29,-1.51,11.85,13.57,1454.45
7/26/2022 20:00,8.02,-1.46,12.16,13.8,1453.74
7/26/2022 21:00,7.05,-1.4,17.58,18.88,1456.68
7/26/2022 22:00,6.53,-1.4,18.79,19.8,1456.08
7/26/2022 23:00,6.24,-1.34,18.91,19.76,1455.06
7/27/2022 0:00,6.03,-1.23,18.98,19.71,1454.27
7/27/2022 1:00,5.64,-1.17,18.79,19.33,1452.4
7/27/2022 2:00,5.42,-1.06,18.37,18.82,1450.96
7/27/2022 3:00,5.42,-1,17.4,17.9,1449.7
7/27/2022 4:00,5.31,-1.06,16.98,17.45,1448.71
7/27/2022 5:00,5.39,-1,16.05,16.6,1447.81
7/27/2022 6:00,5.53,-1,14.45,15.14,1446.38
7/27/2022 7:00,5.35,-0.94,13.69,14.33,1444.63
7/27/2022 8:00,5.24,-0.89,13.18,13.79,1443.51
7/27/2022 9:00,5.2,-0.89,13.13,13.73,1443.29
7/27/2022 10:00,5.02,-0.89,13.74,14.25,1443.3
7/27/2022 11:00,5.2,-0.83,13.22,13.82,1443.41
7/27/2022 12:00,5.31,-0.77,12.72,13.37,1443.23
7/27/2022 13:00,5.39,-0.77,12.39,13.08,1443.12
7/27/2022 14:00,5.42,-0.83,12.25,12.96,1443.1
7/27/2022 15:00,5.49,-0.77,11.85,12.59,1442.89
7/27/2022 16:00,5.46,-0.77,11.6,12.33,1442.42
7/27/2022 17:00,5.35,-0.77,11.37,12.07,1441.66
7/27/2022 18:00,5.1,-0.89,11.2,11.81,1440.34
7/27/2022 19:00,4.99,-0.83,11.07,11.66,1439.71
7/27/2022 20:00,4.88,-0.77,11.01,11.56,1439.15
7/27/2022 21:00,4.8,-0.83,10.88,11.41,1438.66
7/27/2022 22:00,4.73,-0.77,10.85,11.36,1438.31
7/27/2022 23:00,4.62,-0.77,10.87,11.34,1437.86
7/28/2022 0:00,4.47,-0.72,10.85,11.28,1437.19
7/28/2022 1:00,4.29,-0.77,10.85,11.22,1436.38
7/28/2022 2:00,4.14,-0.77,10.91,11.23,1435.81
7/28/2022 3:00,4.03,-0.83,10.85,11.14,1435.23
7/28/2022 4:00,3.92,-0.83,10.83,11.09,1434.72
7/28/2022 5:00,3.81,-0.89,10.8,11.02,1434.18
7/28/2022 6:00,3.73,-0.94,10.76,10.96,1433.8
7/28/2022 7:00,3.66,-1.06,10.84,11.01,1433.55
7/28/2022 8:00,3.66,-1,10.93,11.09,1433.67
7/28/2022 9:00,3.58,-0.94,10.82,10.97,1433.2
7/28/2022 10:00,3.54,-0.94,10.77,10.91,1432.97
7/28/2022 11:00,3.58,-0.89,10.58,10.74,1432.89
7/28/2022 12:00,3.58,-0.83,10.47,10.64,1432.74
7/28/2022 13:00,3.54,-0.77,10.38,10.54,1432.46
7/28/2022 14:00,3.66,-0.77,10.41,10.61,1433
7/28/2022 15:00,3.62,-0.83,10.26,10.45,1432.63
7/28/2022 16:00,3.66,-0.89,10.14,10.35,1432.65
7/28/2022 17:00,3.66,-0.89,10.01,10.23,1432.48
7/28/2022 18:00,3.73,-0.94,9.88,10.13,1432.65
7/28/2022 19:00,3.73,-1,9.38,9.65,1431.99
7/28/2022 20:00,3.66,-0.94,9.2,9.46,1431.42
7/28/2022 21:00,3.62,-1,8.52,8.8,1430.37
7/28/2022 22:00,3.62,-0.94,8.54,8.81,1430.39
7/28/2022 23:00,3.54,-0.89,8.31,8.58,1429.76
7/29/2022 0:00,3.47,-0.83,7.76,8.03,1428.71
7/29/2022 1:00,3.58,-0.83,8.47,8.74,1430.14
7/29/2022 2:00,3.51,-0.83,9.1,9.33,1430.63
7/29/2022 3:00,3.43,-0.89,8.59,8.81,1429.61
7/29/2022 4:00,3.35,-0.94,7.88,8.12,1428.35
7/29/2022 5:00,3.35,-1,8.15,8.37,1428.7
7/29/2022 6:00,3.32,-1.06,7.98,8.21,1428.31
7/29/2022 7:00,3.35,-1.06,7.97,8.21,1428.47
7/29/2022 8:00,3.35,-1.12,9.05,9.23,1429.87
7/29/2022 9:00,3.24,-1,10.12,10.21,1430.76
7/29/2022 10:00,3.16,-0.94,10.43,10.48,1430.83
7/29/2022 11:00,3.24,-0.94,10.61,10.67,1431.41
7/29/2022 12:00,3.39,-0.89,10.1,10.24,1431.42
7/29/2022 13:00,3.43,-0.83,9.55,9.73,1430.88
7/29/2022 14:00,3.62,-0.83,9.77,9.99,1432.01
7/29/2022 15:00,3.73,-0.83,9.47,9.73,1432.11
7/29/2022 16:00,3.73,-0.89,9.69,9.95,1432.4
7/29/2022 17:00,3.88,-0.89,9.54,9.85,1432.87
7/29/2022 18:00,3.99,-1,9.49,9.83,1433.3
7/29/2022 19:00,4.1,-1.06,9.56,9.93,1433.89
7/29/2022 20:00,4.18,-1.06,9.54,9.93,1434.19
7/29/2022 21:00,4.1,-1.12,9.77,10.13,1434.16
7/29/2022 22:00,4.03,-1.06,9.72,10.05,1433.76
7/29/2022 23:00,3.92,-1,9.87,10.17,1433.46
7/30/2022 0:00,3.88,-1,10.01,10.3,1433.49
7/30/2022 1:00,3.81,-0.94,10.12,10.38,1433.29
7/30/2022 2:00,3.66,-1,10.31,10.51,1432.87
7/30/2022 3:00,3.58,-1,10.57,10.73,1432.87
7/30/2022 4:00,3.58,-1,10.73,10.88,1433.08
7/30/2022 5:00,3.51,-1.12,10.32,10.47,1432.2
7/30/2022 6:00,3.62,-1.12,9.92,10.13,1432.19
7/30/2022 7:00,3.35,-1.23,0,0,1418.06
7/30/2022 8:00,3.43,-1.17,0,0,1418.4
7/30/2022 9:00,3.58,-1.23,0,0,1419.09
7/30/2022 10:00,3.95,-1.23,0,0,1420.8
7/30/2022 11:00,4.14,-1.23,0,0,1421.64
7/30/2022 12:00,4.29,-1.12,0,0,1422.32
7/30/2022 13:00,4.33,-1.12,0,0,1422.48
7/30/2022 14:00,4.55,-0.94,4.65,5.13,1429.49
7/30/2022 15:00,5.17,-1.12,3.01,3.48,1430.12
7/30/2022 16:00,4.99,-1.12,8.71,9.34,1436.67
7/30/2022 17:00,5.17,-1.06,9.33,10,1438.25
7/30/2022 18:00,5.24,-1.17,9.7,10.38,1439.03
7/30/2022 19:00,5.39,-1.17,9.98,10.71,1440.03
7/30/2022 20:00,5.28,-1.29,10.25,10.94,1439.9
7/30/2022 21:00,5.1,-1.23,10.6,11.23,1439.57
7/30/2022 22:00,4.95,-1.23,10.91,11.49,1439.33
7/30/2022 23:00,4.8,-1.23,11.07,11.59,1438.91
7/31/2022 0:00,4.69,-1.23,11.15,11.64,1438.54
7/31/2022 1:00,4.58,-1.17,11.21,11.66,1438.14
7/31/2022 2:00,4.47,-1.17,11.24,11.65,1437.69
7/31/2022 3:00,4.44,-1.12,11.25,11.65,1437.54
7/31/2022 4:00,4.36,-1.17,11.25,11.63,1437.22
7/31/2022 5:00,4.58,-1.17,10.48,10.96,1437.2
7/31/2022 6:00,4.69,-1.23,9.44,9.98,1436.33
7/31/2022 7:00,4.69,-1.29,8.2,8.76,1434.73
7/31/2022 8:00,4.69,-1.29,9.14,9.68,1435.93
7/31/2022 9:00,4.77,-1.34,8.74,9.3,1435.74
7/31/2022 10:00,4.84,-1.29,8.72,9.3,1436.03
7/31/2022 11:00,4.95,-1.29,8.58,9.2,1436.34
7/31/2022 12:00,5.17,-1.23,8.8,9.47,1437.56
7/31/2022 13:00,5.39,-1.17,8.79,9.52,1438.49
7/31/2022 14:00,5.64,-1.12,8.88,9.68,1439.69
7/31/2022 15:00,5.96,-1.06,8.97,9.85,1441.18
7/31/2022 16:00,6.1,-1.06,9.02,9.94,1441.84
7/31/2022 17:00,6.24,-1.12,8.92,9.88,1442.32
7/31/2022 18:00,6.24,-1.12,9.02,9.98,1442.45
7/31/2022 19:00,6.24,-1.17,8.99,9.95,1442.4
7/31/2022 20:00,6.21,-1.23,8.93,9.88,1442.18
7/31/2022 21:00,6.21,-1.23,8.94,9.89,1442.19
7/31/2022 22:00,6.14,-1.17,8.69,9.62,1441.58
7/31/2022 23:00,6.07,-1.12,8.69,9.6,1441.28
8/1/2022 0:00,5.96,-1.12,8.51,9.38,1440.59
8/1/2022 1:00,5.82,-1.12,8.37,9.2,1439.8
8/1/2022 2:00,5.71,-1,7.6,8.39,1438.36
8/1/2022 3:00,5.57,-1.06,7.1,7.85,1437.1
8/1/2022 4:00,5.46,-1.06,7.09,7.81,1436.62
8/1/2022 5:00,5.35,-1,6.92,7.61,1435.93
8/1/2022 6:00,5.24,-1.12,6.5,7.16,1434.92
8/1/2022 7:00,5.13,-1.12,6.39,7.02,1434.3
8/1/2022 8:00,5.1,-1.17,5.89,6.51,1433.51
8/1/2022 9:00,5.13,-1.23,5.47,6.07,1433.12
8/1/2022 10:00,5.2,-1.17,5.01,5.6,1432.84
8/1/2022 11:00,5.49,-1.23,4.3,4.9,1433.19
8/1/2022 12:00,5.75,-1.17,3.57,4.14,1433.35
8/1/2022 13:00,5.85,-1.17,2.92,3.44,1432.97
8/1/2022 14:00,6.07,-1.12,3.12,3.68,1434.15
8/1/2022 15:00,6.32,-1.06,3.54,4.18,1435.77
8/1/2022 16:00,6.39,-1.06,4.15,4.86,1436.85
8/1/2022 17:00,6.39,-1.06,6.13,7,1439.37
8/1/2022 18:00,6.46,-1.12,6.25,7.14,1439.82
8/1/2022 19:00,6.39,-1.23,5.79,6.63,1438.93
8/1/2022 20:00,6.32,-1.23,6.12,6.98,1439.05
8/1/2022 21:00,6.24,-1.23,7.27,8.17,1440.22
8/1/2022 22:00,6.03,-1.17,8.09,8.97,1440.36
8/1/2022 23:00,5.85,-1.23,8.48,9.33,1440.1
8/2/2022 0:00,5.78,-1.12,8.53,9.36,1439.86
8/2/2022 1:00,5.67,-1.17,8.31,9.1,1439.11
8/2/2022 2:00,5.57,-1.12,8.05,8.81,1438.31
8/2/2022 3:00,5.49,-1,8.25,9,1438.27
8/2/2022 4:00,5.39,-1,7.71,8.42,1437.1
8/2/2022 5:00,5.17,-1.12,7.49,8.16,1435.88
8/2/2022 6:00,5.1,-1.12,7.19,7.83,1435.17
8/2/2022 7:00,5.02,-1.12,7.18,7.81,1434.85
8/2/2022 8:00,4.95,-1.17,6.86,7.47,1434.12
8/2/2022 9:00,5.06,-1.23,8.01,8.65,1436.08
8/2/2022 10:00,4.69,-1.23,0,0,1424.13
8/2/2022 11:00,4.88,-1.23,0,0,1424.95
8/2/2022 12:00,5.17,-1.17,0,0,1426.24
8/2/2022 13:00,5.67,-1.17,0,0,1428.46
8/2/2022 14:00,6.03,-1.17,0,0,1430.02
8/2/2022 15:00,6.32,-1.06,0,0,1431.25
8/2/2022 16:00,6.49,-1.12,0,0,1432.01
8/2/2022 17:00,6.7,-1.12,0,0,1432.92
8/2/2022 18:00,6.88,-1.06,0,0,1433.66
8/2/2022 19:00,6.95,-1.23,0,0,1433.96
8/2/2022 20:00,6.95,-1.29,0,0,1433.96
8/2/2022 21:00,6.84,-1.29,0,0,1433.51
8/2/2022 22:00,6.74,-1.29,0,0,1433.06
8/2/2022 23:00,6.67,-1.23,0,0,1432.76
8/3/2022 0:00,6.42,-1.17,0,0,1431.71
8/3/2022 1:00,6.21,-1.23,0,0,1430.79
8/3/2022 2:00,5.96,-1.17,0,0,1429.71
8/3/2022 3:00,5.92,-1.12,0,0,1429.56
8/3/2022 4:00,5.89,-1.12,0,0,1429.4
8/3/2022 5:00,5.75,-1.12,0,0,1428.78
8/3/2022 6:00,5.64,-1.06,0,0,1428.31
8/3/2022 7:00,5.28,-1.06,5.55,6.18,1433.86
8/3/2022 8:00,5.71,-1.17,9.17,9.99,1440.37
8/3/2022 9:00,4.77,-1.23,10.92,11.44,1438.56
8/3/2022 10:00,5.71,-1.17,11.29,12.11,1443.09
8/3/2022 11:00,5.92,-1.12,11.17,12.06,1443.84
8/3/2022 12:00,5.96,-1.17,11.43,12.33,1444.32
8/3/2022 13:00,5.1,-1.12,12.8,13.37,1442.4
8/3/2022 14:00,4.69,-1.06,13.62,14,1441.73
8/3/2022 15:00,4.77,-1.06,14.07,14.46,1442.62
8/3/2022 16:00,5.06,-0.94,14.37,14.87,1444.28
8/3/2022 17:00,5.67,-1.06,14.37,15.12,1446.88
8/3/2022 18:00,5.85,-1,14.54,15.35,1447.85
8/3/2022 19:00,5.46,-1,15.08,15.71,1446.89
8/3/2022 20:00,5.78,-1.06,15.18,15.95,1448.37
8/3/2022 21:00,6.17,-1.12,15.08,16.02,1449.88
8/3/2022 22:00,6.03,-1.06,15.25,16.13,1449.51
8/3/2022 23:00,6.07,-1.06,15.33,16.22,1449.77
8/4/2022 0:00,5.67,-1.06,15.45,16.16,1448.27
8/4/2022 1:00,5.2,-1,15.82,16.3,1446.75
8/4/2022 2:00,5.02,-0.94,16.02,16.41,1446.24
8/4/2022 3:00,5.02,-0.94,16.19,16.58,1446.46
8/4/2022 4:00,5.1,-0.89,16.29,16.7,1446.9
8/4/2022 5:00,5.2,-0.89,16.36,16.81,1447.45
8/4/2022 6:00,5.2,-0.89,16.37,16.83,1447.47
8/4/2022 7:00,5.1,-0.94,16.43,16.83,1447.07
8/4/2022 8:00,5.17,-1.06,16.18,16.63,1447.06
8/4/2022 9:00,5.13,-1.06,16.4,16.82,1447.19
8/4/2022 10:00,4.77,-1.06,16.59,16.83,1445.88
8/4/2022 11:00,5.78,-1.06,16.21,16.94,1449.69
8/4/2022 12:00,4.47,-1.12,16.77,16.86,1444.84
8/4/2022 13:00,4.62,-1.06,16.82,16.97,1445.55
8/4/2022 14:00,5.06,-1.06,16.9,17.26,1447.53
8/4/2022 15:00,6.32,-0.94,16.88,17.84,1452.78
8/4/2022 16:00,11.22,-1.06,12.7,15.59,1466.78
8/4/2022 17:00,11.09,-1,11.33,13.99,1464.62
8/4/2022 18:00,11.73,-1.06,10.43,13.17,1465.92
8/4/2022 19:00,10.47,-1.06,10.83,13.21,1461.66
8/4/2022 20:00,9.51,-1.12,12.62,14.85,1460.2
8/4/2022 21:00,11.35,-1.06,11.01,13.71,1465.19
8/4/2022 22:00,11.64,-1.17,10.39,13.09,1465.51
8/4/2022 23:00,11.76,-1.17,9.57,12.17,1464.99
8/5/2022 0:00,11.44,-1.12,9.5,11.99,1463.7
8/5/2022 1:00,11.18,-1.17,9.47,11.88,1462.7
8/5/2022 2:00,11.09,-1.12,9.59,11.99,1462.48
8/5/2022 3:00,10.89,-1.12,9.66,12.02,1461.84
8/5/2022 4:00,10.2,-1.06,10.11,12.31,1459.76
8/5/2022 5:00,9.87,-1.06,10.62,12.78,1459.13
8/5/2022 6:00,9.77,-1.06,10.96,13.12,1459.17
8/5/2022 7:00,9.14,-1.12,11.91,13.94,1457.87
8/5/2022 8:00,8.97,-1.12,15.44,17.63,1461.63
8/5/2022 9:00,10.07,-1.06,12.44,14.86,1462.14
8/5/2022 10:00,10.01,-1.23,12.01,14.37,1461.36
8/5/2022 11:00,9.57,-1.17,13.49,15.81,1461.53
8/5/2022 12:00,9.14,-1.17,15.44,17.7,1462.28
8/5/2022 13:00,9.01,-1.17,15.96,18.19,1462.4
8/5/2022 14:00,7.68,-1.17,16.49,18.11,1457.83
8/5/2022 15:00,6.7,-1.12,17.12,18.26,1454.67
8/5/2022 16:00,7.33,-1.12,17.34,18.79,1457.51
8/5/2022 17:00,7.88,-1.17,17.4,19.12,1459.8
8/5/2022 18:00,7.95,-1.12,17.48,19.24,1460.17
8/5/2022 19:00,8.4,-1.12,17.44,19.42,1461.87
8/5/2022 20:00,8.67,-1.06,17.44,19.56,1462.94
8/5/2022 21:00,8.63,-1.12,17.47,19.57,1462.84
8/5/2022 22:00,9.21,-1.12,17.4,19.79,1464.98
8/5/2022 23:00,8.8,-1.12,17.47,19.66,1463.5
8/6/2022 0:00,8.74,-1.12,17.44,19.6,1463.21
8/6/2022 1:00,7.85,-1.12,17.46,19.17,1459.74
8/6/2022 2:00,7.23,-1.12,17.27,18.67,1457
8/6/2022 3:00,6.1,-1.06,16.31,17.18,1451.16
8/6/2022 4:00,6.49,-1,16.05,17.12,1452.45
8/6/2022 5:00,7.16,-0.94,15.49,16.86,1454.46
8/6/2022 6:00,7.23,-0.94,15.29,16.69,1454.5
8/6/2022 7:00,7.02,-0.83,15.41,16.72,1453.8
8/6/2022 8:00,6.95,-0.94,15.47,16.74,1453.58
8/6/2022 9:00,6.74,-0.89,15.66,16.84,1452.96
8/6/2022 10:00,6.56,-0.83,15.91,17,1452.56
8/6/2022 11:00,6.81,-0.83,15.78,16.99,1453.41
8/6/2022 12:00,6.63,-0.89,16.29,17.41,1453.33
8/6/2022 13:00,6.56,-0.89,16.71,17.79,1453.58
8/6/2022 14:00,7.23,-0.83,15.47,16.87,1454.73
8/6/2022 15:00,7.26,-0.83,15.2,16.61,1454.52
8/6/2022 16:00,7.09,-0.83,15.41,16.75,1454.08
8/6/2022 17:00,7.68,-0.83,14.79,16.38,1455.68
8/6/2022 18:00,7.88,-0.83,14.39,16.06,1456.01
8/6/2022 19:00,7.99,-0.77,14.2,15.91,1456.19
8/6/2022 20:00,8.06,-0.83,13.76,15.48,1455.91
8/6/2022 21:00,8.02,-0.83,13.41,15.1,1455.33
8/6/2022 22:00,7.95,-0.89,13.12,14.78,1454.69
8/6/2022 23:00,7.85,-0.94,12.99,14.6,1454.11
8/7/2022 0:00,7.75,-0.94,12.76,14.32,1453.4
8/7/2022 1:00,7.61,-1,12.73,14.24,1452.8
8/7/2022 2:00,7.54,-0.94,12.63,14.12,1452.41
8/7/2022 3:00,7.47,-0.94,12.59,14.04,1452.07
8/7/2022 4:00,7.4,-0.89,12.57,14,1451.77
8/7/2022 5:00,7.44,-0.94,12.49,13.93,1451.8
8/7/2022 6:00,7.33,-0.94,12.59,14,1451.51
8/7/2022 7:00,7.4,-0.89,13.01,14.45,1452.32
8/7/2022 8:00,7.33,-0.83,12.89,14.3,1451.88
8/7/2022 9:00,7.37,-0.94,13.03,14.45,1452.2
8/7/2022 10:00,7.47,-0.94,13.23,14.7,1452.87
8/7/2022 11:00,7.54,-0.94,13.3,14.8,1453.24
8/7/2022 12:00,7.78,-0.89,13.36,14.95,1454.29
8/7/2022 13:00,8.02,-0.94,13.4,15.09,1455.31
8/7/2022 14:00,8.46,-1,13.43,15.3,1457.11
8/7/2022 15:00,8.74,-1,12.84,14.79,1457.45
8/7/2022 16:00,8.57,-0.94,12.57,14.43,1456.44
8/7/2022 17:00,8.5,-0.94,12.58,14.42,1456.18
8/7/2022 18:00,8.5,-0.94,12.49,14.32,1456.07
8/7/2022 19:00,8.43,-0.94,12.08,13.87,1455.29
8/7/2022 20:00,8.29,-1,12.2,13.95,1454.9
8/7/2022 21:00,8.36,-1.06,11.99,13.75,1454.91
8/7/2022 22:00,8.16,-1.06,12.29,13.99,1454.46
8/7/2022 23:00,8.02,-1.06,12.1,13.74,1453.67
8/8/2022 0:00,7.92,-1.12,11.72,13.3,1452.78
8/8/2022 1:00,7.68,-1.23,12.19,13.7,1452.4
8/8/2022 2:00,7.51,-1.17,12.28,13.74,1451.82
8/8/2022 3:00,7.33,-1.17,12.17,13.56,1450.97
8/8/2022 4:00,7.23,-1.17,11.86,13.2,1450.15
8/8/2022 5:00,7.12,-1.17,11.53,12.83,1449.3
8/8/2022 6:00,7.05,-1.06,11.55,12.83,1449.05
8/8/2022 7:00,6.91,-1.06,11.54,12.77,1448.46
8/8/2022 8:00,6.77,-1,11.4,12.58,1447.7
8/8/2022 9:00,6.77,-1,13.82,15.02,1450.77
8/8/2022 10:00,6.7,-1.06,13.76,14.94,1450.41
8/8/2022 11:00,6.74,-1.06,14.61,15.8,1451.63
8/8/2022 12:00,6.88,-1.06,14.43,15.68,1451.98
8/8/2022 13:00,6.95,-1.06,14.45,15.72,1452.29
8/8/2022 14:00,6.95,-1.06,14.74,16.02,1452.66
8/8/2022 15:00,6.91,-1.12,14.92,16.18,1452.74
8/8/2022 16:00,6.88,-1.06,14.94,16.18,1452.62
8/8/2022 17:00,6.84,-1.12,14.9,16.13,1452.43
8/8/2022 18:00,7.05,-1.06,14.7,16.02,1453.03
8/8/2022 19:00,7.02,-1.12,14.6,15.91,1452.76
8/8/2022 20:00,6.81,-1.17,14.51,15.73,1451.79
8/8/2022 21:00,6.7,-1.17,14.25,15.42,1451.02
8/8/2022 22:00,6.63,-1.23,14.31,15.46,1450.81
8/8/2022 23:00,6.46,-1.23,13.9,14.97,1449.56
8/9/2022 0:00,6.35,-1.23,13.78,14.81,1448.97
8/9/2022 1:00,6.21,-1.34,13.55,14.53,1448.07
8/9/2022 2:00,6.14,-1.4,13.54,14.49,1447.77
8/9/2022 3:00,6,-1.4,13.54,14.44,1447.17
8/9/2022 4:00,5.85,-1.46,12.51,13.37,1445.25
8/9/2022 5:00,5.82,-1.4,12.1,12.95,1444.57
8/9/2022 6:00,5.71,-1.23,12.02,12.84,1444.02
8/9/2022 7:00,5.78,-1.29,11.43,12.27,1443.57
8/9/2022 8:00,5.75,-1.29,11.23,12.06,1443.15
8/9/2022 9:00,5.67,-1.12,11.53,12.34,1443.24
8/9/2022 10:00,5.71,-1.12,11.86,12.68,1443.82
8/9/2022 11:00,5.78,-1.12,12.35,13.18,1444.75
8/9/2022 12:00,5.78,-1,12.6,13.43,1445.06
8/9/2022 13:00,5.85,-1.06,12.7,13.56,1445.5
8/9/2022 14:00,6.07,-1,12.45,13.38,1446.08
8/9/2022 15:00,6.17,-1,12.19,13.17,1446.2
8/9/2022 16:00,6.24,-1.12,11.87,12.87,1446.09
8/9/2022 17:00,6.32,-1.06,11.7,12.72,1446.16
8/9/2022 18:00,6.39,-1.12,11.62,12.67,1446.36
8/9/2022 19:00,6.49,-1.12,11.62,12.71,1446.81
8/9/2022 20:00,6.53,-1.12,11.63,12.73,1446.96
8/9/2022 21:00,6.49,-1.06,11.78,12.87,1447.01
8/9/2022 22:00,6.42,-1,11.86,12.92,1446.81
8/9/2022 23:00,6.32,-1,11.99,13.02,1446.54
8/10/2022 0:00,6.1,-1.06,12.44,13.39,1446.22
8/10/2022 1:00,6.03,-1.06,13.02,13.93,1446.66
8/10/2022 2:00,6.03,-1.06,13.12,14.04,1446.79
8/10/2022 3:00,6.03,-1.12,13.24,14.15,1446.94
8/10/2022 4:00,6,-1.12,13.38,14.28,1446.97
8/10/2022 5:00,6,-1.12,13.4,14.3,1447
8/10/2022 6:00,5.92,-1.06,13.52,14.39,1446.85
8/10/2022 7:00,5.85,-1.06,13.74,14.57,1446.82
8/10/2022 8:00,5.78,-1,14.02,14.82,1446.89
8/10/2022 9:00,5.78,-0.94,14.16,14.95,1447.06
8/10/2022 10:00,5.92,-0.89,14.05,14.91,1447.54
8/10/2022 11:00,5.96,-0.83,14.08,14.95,1447.72
8/10/2022 12:00,6.14,-0.89,14.11,15.05,1448.5
8/10/2022 13:00,6.35,-0.83,14.16,15.19,1449.45
8/10/2022 14:00,6.7,-0.89,14.1,15.28,1450.84
8/10/2022 15:00,6.91,-0.89,13.76,15.02,1451.27
8/10/2022 16:00,7.09,-0.94,13.72,15.05,1451.93
8/10/2022 17:00,7.12,-1,13.64,14.98,1451.97
8/10/2022 18:00,7.26,-1.06,13.53,14.93,1452.41
8/10/2022 19:00,7.23,-1.12,13.52,14.9,1452.25
8/10/2022 20:00,7.19,-1.12,13.5,14.87,1452.08
8/10/2022 21:00,7.26,-1.12,13.28,14.67,1452.09
8/10/2022 22:00,7.3,-1,13.26,14.66,1452.21
8/10/2022 23:00,7.23,-1.06,13.39,14.77,1452.09
8/11/2022 0:00,7.19,-1.06,13.33,14.7,1451.87
8/11/2022 1:00,7.19,-0.94,13.09,14.46,1451.57
8/11/2022 2:00,7.26,-1.06,13.03,14.42,1451.78
8/11/2022 3:00,7.33,-1,13.03,14.45,1452.07
8/11/2022 4:00,7.23,-1,13.02,14.39,1451.62
8/11/2022 5:00,7.26,-1.06,13.07,14.46,1451.82
8/11/2022 6:00,7.12,-1.06,13.06,14.39,1451.24
8/11/2022 7:00,7.09,-1.12,12.84,14.15,1450.82
8/11/2022 8:00,7.12,-1.06,13.01,14.34,1451.18
8/11/2022 9:00,7.3,-1,13.09,14.49,1452
8/11/2022 10:00,7.3,-0.89,13.2,14.6,1452.13
8/11/2022 11:00,7.09,-0.83,12.96,14.27,1450.97
8/11/2022 12:00,7.05,-0.72,12.84,14.15,1450.69
8/11/2022 13:00,7.54,-0.83,12.99,14.48,1452.86
8/11/2022 14:00,7.64,-0.77,13.24,14.78,1453.59
8/11/2022 15:00,7.64,-0.66,13.37,14.91,1453.76
8/11/2022 16:00,8.02,-0.72,13.51,15.21,1455.46
8/11/2022 17:00,8.33,-0.77,13.48,15.3,1456.65
8/11/2022 18:00,8.29,-0.89,12.78,14.55,1455.63
8/11/2022 19:00,8.5,-0.89,12.51,14.35,1456.11
8/11/2022 20:00,8.23,-0.89,12.24,13.96,1454.68
8/11/2022 21:00,8.36,-0.89,12.23,14,1455.21
8/11/2022 22:00,8.29,-0.89,12.18,13.92,1454.87
8/11/2022 23:00,8.02,-0.77,12.24,13.89,1453.86
8/12/2022 0:00,8.19,-0.83,12.25,13.95,1454.55
8/12/2022 1:00,7.33,-0.83,12.57,13.97,1451.48
8/12/2022 2:00,7.05,-0.89,12.99,14.3,1450.87
8/12/2022 3:00,7.16,-0.94,13.05,14.4,1451.38
8/12/2022 4:00,7.19,-1.06,13.06,14.42,1451.53
8/12/2022 5:00,6.98,-1.06,13.11,14.39,1450.74
8/12/2022 6:00,7.3,-1.17,13.07,14.47,1451.96
8/12/2022 7:00,7.71,-1.23,12.98,14.54,1453.53
8/12/2022 8:00,7.33,-1.23,13.26,14.68,1452.35
8/12/2022 9:00,7.19,-1.23,13.41,14.78,1451.97
8/12/2022 10:00,7.33,-1.17,13.51,14.93,1452.66
8/12/2022 11:00,7.44,-1.06,13.69,15.16,1453.32
8/12/2022 12:00,7.64,-1,13.82,15.38,1454.32
8/12/2022 13:00,7.85,-0.94,13.91,15.56,1455.27
8/12/2022 14:00,8.16,-0.89,13.93,15.7,1456.52
8/12/2022 15:00,8.53,-0.89,13.97,15.89,1458.06
8/12/2022 16:00,8.9,-0.89,13.85,15.92,1459.38
8/12/2022 17:00,9.11,-0.94,13.98,16.14,1460.32
8/12/2022 18:00,8.84,-0.94,14.06,16.11,1459.37
8/12/2022 19:00,9.17,-1,13.8,15.98,1460.37
8/12/2022 20:00,8.53,-1.06,14.06,15.99,1458.17
8/12/2022 21:00,9.17,-1,13.95,16.14,1460.55
8/12/2022 22:00,9.27,-1,13.9,16.13,1460.88
8/12/2022 23:00,9.17,-0.94,13.74,15.92,1460.29
8/13/2022 0:00,9.11,-0.89,13.67,15.81,1459.94
8/13/2022 1:00,9.07,-0.83,13.52,15.64,1459.62
8/13/2022 2:00,8.94,-0.83,13.51,15.58,1459.09
8/13/2022 3:00,8.94,-0.83,13.48,15.54,1459.05
8/13/2022 4:00,8.9,-0.77,13.38,15.43,1458.79
8/13/2022 5:00,8.77,-1,13.36,15.34,1458.23
8/13/2022 6:00,8.63,-1,13.32,15.25,1457.65
8/13/2022 7:00,8.46,-1.06,13.21,15.07,1456.84
8/13/2022 8:00,8.4,-1.06,13.31,15.15,1456.7
8/13/2022 9:00,8.29,-1.06,13.37,15.17,1456.36
8/13/2022 10:00,8.33,-0.94,13.22,15.03,1456.32
8/13/2022 11:00,8.19,-1,13.13,14.88,1455.66
8/13/2022 12:00,8.09,-0.94,13.04,14.74,1455.13
8/13/2022 13:00,8.06,-0.89,12.89,14.58,1454.82
8/13/2022 14:00,8.09,-0.83,12.74,14.43,1454.76
8/13/2022 15:00,8.12,-0.89,12.56,14.26,1454.67
8/13/2022 16:00,8.23,-0.94,12.61,14.35,1455.14
8/13/2022 17:00,8.74,-0.89,11.65,13.51,1455.96
8/13/2022 18:00,8.7,-0.94,11.38,13.21,1455.49
8/13/2022 19:00,8.63,-1,11.29,13.1,1455.11
8/13/2022 20:00,8.57,-1,11.17,12.95,1454.7
8/13/2022 21:00,8.43,-0.94,11.23,12.96,1454.22
8/13/2022 22:00,8.29,-1,11.16,12.84,1453.59
8/13/2022 23:00,8.19,-0.94,11.19,12.84,1453.22
8/14/2022 0:00,8.02,-0.89,11.19,12.78,1452.53
8/14/2022 1:00,7.92,-0.89,11.23,12.78,1452.16
8/14/2022 2:00,7.85,-0.83,11.26,12.8,1451.94
8/14/2022 3:00,7.78,-0.77,11.17,12.68,1451.54
8/14/2022 4:00,7.64,-0.83,10.95,12.4,1450.7
8/14/2022 5:00,7.54,-0.94,10.82,12.23,1450.11
8/14/2022 6:00,7.4,-1.12,10.68,12.04,1449.37
8/14/2022 7:00,7.26,-1.17,10.68,12,1448.8
8/14/2022 8:00,7.19,-1.17,11.25,12.57,1449.24
8/14/2022 9:00,7.12,-1.12,11.23,12.52,1448.92
8/14/2022 10:00,7.09,-1.12,11.44,12.73,1449.05
8/14/2022 11:00,7.16,-1.12,11.5,12.81,1449.4
8/14/2022 12:00,7.16,-1.06,11.5,12.82,1449.42
8/14/2022 13:00,7.05,-1.17,11.87,13.15,1449.44
8/14/2022 14:00,6.95,-1.06,12.01,13.26,1449.2
8/14/2022 15:00,6.91,-1.06,12.04,13.28,1449.09
8/14/2022 16:00,6.81,-1.06,12.07,13.27,1448.69
8/14/2022 17:00,6.74,-1.06,12.17,13.35,1448.53
8/14/2022 18:00,6.7,-1.06,12.34,13.51,1448.6
8/14/2022 19:00,6.63,-1.06,12.43,13.58,1448.43
8/14/2022 20:00,6.6,-1.23,12.32,13.45,1448.13
8/14/2022 21:00,6.53,-1.23,12.14,13.24,1447.61
8/14/2022 22:00,6.42,-1.12,12.03,13.1,1447.03
8/14/2022 23:00,6.35,-1.17,11.96,13,1446.65
8/15/2022 0:00,6.32,-1.12,11.88,12.91,1446.4
8/15/2022 1:00,6.21,-1.12,11.75,12.74,1445.79
8/15/2022 2:00,6.17,-1.06,12.03,13,1445.99
8/15/2022 3:00,6.21,-1.06,11.98,12.97,1446.08
8/15/2022 4:00,6.14,-1,11.81,12.77,1445.56
8/15/2022 5:00,6.1,-1.12,12,12.96,1445.66
8/15/2022 6:00,6.21,-1.12,11.59,12.58,1445.59
8/15/2022 7:00,6.21,-1.23,10.75,11.73,1444.51
8/15/2022 8:00,6.14,-1.23,10.44,11.4,1443.81
8/15/2022 9:00,6.14,-1.29,10.08,11.03,1443.35
8/15/2022 10:00,6.17,-1.34,9.86,10.82,1443.22
8/15/2022 11:00,6.21,-1.4,9.72,10.69,1443.19
8/15/2022 12:00,6.32,-1.29,9.64,10.64,1443.54
8/15/2022 13:00,6.49,-1.23,9.58,10.62,1444.2
8/15/2022 14:00,6.7,-1.17,9.55,10.65,1445.05
8/15/2022 15:00,6.98,-1.12,9.26,10.43,1445.85
8/15/2022 16:00,7.12,-1.17,0,0,1434.7
8/15/2022 17:00,7.19,-1.12,0,0,1434.99
8/15/2022 18:00,7.19,-1.17,0,0,1434.99
8/15/2022 19:00,7.19,-1.29,0,0,1434.99
8/15/2022 20:00,7.12,-1.29,0,0,1434.7
8/15/2022 21:00,7.05,-1.29,0,0,1434.4
8/15/2022 22:00,6.91,-1.29,0,0,1433.81
8/15/2022 23:00,6.84,-1.17,0,0,1433.51
8/16/2022 0:00,6.7,-1.17,0,0,1432.91
8/16/2022 1:00,6.67,-1.17,0,0,1432.76
8/16/2022 2:00,6.67,-1.06,0,0,1432.77
8/16/2022 3:00,6.81,-1.06,0,0,1433.37
8/16/2022 4:00,6.84,-1.06,0,0,1433.51
8/16/2022 5:00,6.91,-1.12,0,0,1433.81
8/16/2022 6:00,6.88,-1.12,0,0,1433.66
8/16/2022 7:00,6.84,-1.17,0,0,1433.51
8/16/2022 8:00,6.84,-1.17,1.57,1.97,1435.5
8/16/2022 9:00,6.95,-1.29,7.08,8.12,1442.93
8/16/2022 10:00,6.98,-1.23,7.78,8.88,1443.98
8/16/2022 11:00,6.98,-1.29,8.63,9.78,1445.05
8/16/2022 12:00,6.91,-1.23,9.1,10.25,1445.36
8/16/2022 13:00,7.19,-1.23,9.38,10.61,1446.86
8/16/2022 14:00,7.4,-1.17,9.47,10.77,1447.84
8/16/2022 15:00,7.85,-1.17,9.53,10.96,1449.74
8/16/2022 16:00,7.99,-1.12,9.38,10.85,1450.12
8/16/2022 17:00,8.06,-1.17,9.34,10.83,1450.35
8/16/2022 18:00,8.06,-1.17,9.4,10.88,1450.41
8/16/2022 19:00,7.99,-1.17,9.01,10.44,1449.64
8/16/2022 20:00,7.88,-1.34,8.68,10.06,1448.81
8/16/2022 21:00,7.78,-1.34,8.36,9.69,1447.99
8/16/2022 22:00,7.64,-1.23,8,9.27,1446.97
8/16/2022 23:00,7.51,-1.23,7.55,8.76,1445.84
8/17/2022 0:00,7.37,-1.17,7.29,8.44,1444.94
8/17/2022 1:00,7.19,-1.29,6.66,7.73,1443.43
8/17/2022 2:00,7.05,-1.12,5.82,6.78,1441.77
8/17/2022 3:00,6.91,-1.06,5.34,6.24,1440.59
8/17/2022 4:00,6.84,-1.06,4.49,5.29,1439.21
8/17/2022 5:00,6.7,-0.94,4.05,4.79,1438.07
8/17/2022 6:00,6.63,-1,1.94,2.39,1435.08
8/17/2022 7:00,6.53,-1.17,1.05,1.33,1433.49
8/17/2022 8:00,6.46,-1.12,0.19,0.26,1432.1
8/17/2022 9:00,6.42,-1.17,4.57,5.32,1437.53
8/17/2022 10:00,6.39,-1.29,6.18,7.05,1439.42
8/17/2022 11:00,6.46,-1.23,6.95,7.88,1440.71
8/17/2022 12:00,6.56,-1.29,7.89,8.89,1442.35
8/17/2022 13:00,6.7,-1.12,7.03,8.01,1441.84
8/17/2022 14:00,6.77,-1.17,6.63,7.61,1441.64
8/17/2022 15:00,6.77,-1.29,6.26,7.21,1441.16
8/17/2022 16:00,6.81,-1.23,5.65,6.56,1440.53
8/17/2022 17:00,6.77,-1.23,3.53,4.22,1437.69
8/17/2022 18:00,6.74,-1.29,2.09,2.57,1435.72
8/17/2022 19:00,6.67,-1.29,0.96,1.22,1433.97
8/17/2022 20:00,6.56,-1.34,0,0,1432.31
8/17/2022 21:00,6.42,-1.4,0,0,1431.7
8/17/2022 22:00,6.32,-1.4,0,0,1431.25
8/17/2022 23:00,6.21,-1.4,0,0,1430.79
8/18/2022 0:00,6.07,-1.4,0,0,1430.17
8/18/2022 1:00,5.92,-1.34,0,0,1429.55
8/18/2022 2:00,5.82,-1.34,0,0,1429.09
8/18/2022 3:00,5.89,-1.29,0,0,1429.4
8/18/2022 4:00,5.78,-1.29,0,0,1428.93
8/18/2022 5:00,5.64,-1.23,0,0,1428.31
8/18/2022 6:00,5.6,-1.23,0,0,1428.15
8/18/2022 7:00,5.49,-1.29,0,0,1427.67
8/18/2022 8:00,5.57,-1.23,0,0,1427.99
8/18/2022 9:00,5.42,-1.29,0,0,1427.36
8/18/2022 10:00,5.39,-1.4,0,0,1427.2
8/18/2022 11:00,5.53,-1.4,0,0,1427.83
8/18/2022 12:00,5.71,-1.34,0,0,1428.62
8/18/2022 13:00,5.85,-1.34,0,0,1429.24
8/18/2022 14:00,5.96,-1.34,0,0,1429.71
8/18/2022 15:00,6.21,-1.4,0,0,1430.79
8/18/2022 16:00,6.42,-1.34,0,0,1431.7
8/18/2022 17:00,6.42,-1.34,0,0,1431.7
8/18/2022 18:00,6.42,-1.23,0,0,1431.7
8/18/2022 19:00,6.49,-1.34,0,0,1432.01
8/18/2022 20:00,6.56,-1.4,0,0,1432.31
8/18/2022 21:00,6.46,-1.4,0,0,1431.85
8/18/2022 22:00,6.32,-1.4,0,0,1431.25
8/18/2022 23:00,6.17,-1.4,0,0,1430.63
8/19/2022 0:00,6.1,-1.34,0,0,1430.33
8/19/2022 1:00,6.07,-1.34,0,0,1430.17
8/19/2022 2:00,5.96,-1.34,0,0,1429.71
8/19/2022 3:00,5.89,-1.23,0,0,1429.4
8/19/2022 4:00,5.82,-1.17,0,0,1429.09
8/19/2022 5:00,5.78,-1.23,0,0,1428.93
8/19/2022 6:00,5.75,-1.17,0,0,1428.78
8/19/2022 7:00,5.67,-1.12,0,0,1428.46
8/19/2022 8:00,5.75,-1.06,0,0,1428.78
8/19/2022 9:00,5.75,-1.17,0,0,1428.78
8/19/2022 10:00,5.85,-1.17,0,0,1429.24
8/19/2022 11:00,6.17,-1.17,0,0,1430.64
8/19/2022 12:00,6.35,-1.17,0,0,1431.4
8/19/2022 13:00,6.63,-1.17,0,0,1432.61
8/19/2022 14:00,6.84,-1.12,0,0,1433.51
8/19/2022 15:00,7.05,-1.06,0,0,1434.41
8/19/2022 16:00,7.3,-1.12,0,0,1435.43
8/19/2022 17:00,7.4,-1.06,0,0,1435.87
8/19/2022 18:00,7.44,-1.06,0,0,1436.02
8/19/2022 19:00,7.44,-1.06,0,0,1436.02
8/19/2022 20:00,7.37,-1.06,0,0,1435.73
8/19/2022 21:00,7.33,-1.06,0,0,1435.58
8/19/2022 22:00,7.16,-1.12,0,0,1434.85
8/19/2022 23:00,7.19,-1.12,0,0,1434.99
8/20/2022 0:00,7.02,-1.12,0,0,1434.26
8/20/2022 1:00,6.84,-1.12,0,0,1433.51
8/20/2022 2:00,6.77,-1.12,0,0,1433.21
8/20/2022 3:00,6.7,-1.12,0,0,1432.92
8/20/2022 4:00,6.63,-1,0,0,1432.62
8/20/2022 5:00,6.53,-1,0,0,1432.16
8/20/2022 6:00,6.46,-1,0,0,1431.86
8/20/2022 7:00,6.39,-0.94,0,0,1431.56
8/20/2022 8:00,6.32,-0.94,0,0,1431.25
8/20/2022 9:00,6.24,-1,0,0,1430.95
8/20/2022 10:00,6.21,-1,0,0,1430.79
8/20/2022 11:00,6.21,-1.06,0,0,1430.79
8/20/2022 12:00,6.24,-1.06,0,0,1430.95
8/20/2022 13:00,6.24,-1.06,0,0,1430.95
8/20/2022 14:00,6.28,-1.06,0,0,1431.1
8/20/2022 15:00,6.39,-1.06,0,0,1431.56
8/20/2022 16:00,6.49,-1.06,0,0,1432.01
8/20/2022 17:00,6.49,-1.06,0,0,1432.01
8/20/2022 18:00,6.46,-1.06,0,0,1431.86
8/20/2022 19:00,6.39,-1.12,0,0,1431.55
8/20/2022 20:00,6.39,-1.12,0,0,1431.55
8/20/2022 21:00,6.24,-1.12,0,0,1430.94
8/20/2022 22:00,6.14,-1.17,0,0,1430.48
8/20/2022 23:00,5.92,-1.17,0,0,1429.56
8/21/2022 0:00,5.82,-1.23,0,0,1429.09
8/21/2022 1:00,5.64,-1.29,0,0,1428.3
8/21/2022 2:00,5.53,-1.17,0,0,1427.83
8/21/2022 3:00,5.39,-1.17,0,0,1427.2
8/21/2022 4:00,5.35,-1.12,0,0,1427.04
8/21/2022 5:00,5.2,-1.06,0,0,1426.4
8/21/2022 6:00,5.13,-1.12,0,0,1426.08
8/21/2022 7:00,4.95,-1.17,0,0,1425.27
8/21/2022 8:00,4.84,-1.12,0,0,1424.79
8/21/2022 9:00,4.99,-1.06,0,0,1425.44
8/21/2022 10:00,5.06,-1.06,0,0,1425.76
8/21/2022 11:00,4.99,-1.17,0,0,1425.44
8/21/2022 12:00,5.28,-1.12,0,0,1426.72
8/21/2022 13:00,5.39,-1.17,0,0,1427.2
8/21/2022 14:00,5.49,-1.23,0,0,1427.67
8/21/2022 15:00,5.64,-1.17,0,0,1428.31
8/21/2022 16:00,5.82,-1.17,0,0,1429.09
8/21/2022 17:00,5.85,-1.17,0,0,1429.24
8/21/2022 18:00,5.78,-1.17,0,0,1428.93
8/21/2022 19:00,5.71,-1.12,0,0,1428.62
8/21/2022 20:00,5.53,-1.17,0,0,1427.83
8/21/2022 21:00,5.35,-1.12,0,0,1427.04
8/21/2022 22:00,5.13,-1.17,0,0,1426.08
8/21/2022 23:00,4.99,-1.06,0,0,1425.44
8/22/2022 0:00,4.73,-1.17,0,0,1424.3
8/22/2022 1:00,4.58,-1.17,0,0,1423.64
8/22/2022 2:00,4.33,-1.29,0,0,1422.48
8/22/2022 3:00,4.18,-1.23,0,0,1421.81
8/22/2022 4:00,4.03,-1.29,0,0,1421.14
8/22/2022 5:00,3.84,-1.17,0,0,1420.29
8/22/2022 6:00,3.66,-1.17,0,0,1419.44
8/22/2022 7:00,3.69,-1.23,0,0,1419.61
8/22/2022 8:00,3.69,-1.29,0,0,1419.61
8/22/2022 9:00,3.84,-1.23,0,0,1420.29
8/22/2022 10:00,3.81,-1.12,0,0,1420.12
8/22/2022 11:00,4.1,-1.17,0,0,1421.48
8/22/2022 12:00,4.03,-1.23,0,0,1421.14
8/22/2022 13:00,4.14,-1.29,0,0,1421.64
8/22/2022 14:00,4.14,-1.29,0,0,1421.64
8/22/2022 15:00,4.1,-1.4,0,0,1421.47
8/22/2022 16:00,3.99,-1.29,0,0,1420.97
8/22/2022 17:00,4.07,-1.23,0,0,1421.31
8/22/2022 18:00,4.07,-1.34,0,0,1421.31
8/22/2022 19:00,4.14,-1.34,0,0,1421.64
8/22/2022 20:00,4.21,-1.34,0,0,1421.98
8/22/2022 21:00,4.33,-1.29,0,0,1422.48
8/22/2022 22:00,4.29,-1.29,0,0,1422.31
8/22/2022 23:00,4.18,-1.34,0,0,1421.81
8/23/2022 0:00,4.18,-1.4,0,0,1421.81
8/23/2022 1:00,4.03,-1.46,0,0,1421.14
8/23/2022 2:00,3.92,-1.51,0,0,1420.63
8/23/2022 3:00,3.77,-1.4,0,0,1419.95
8/23/2022 4:00,3.66,-1.57,0,0,1419.43
8/23/2022 5:00,3.47,-1.51,0,0,1418.57
8/23/2022 6:00,3.43,-1.51,0,0,1418.4
8/23/2022 7:00,3.51,-1.4,0,0,1418.75
8/23/2022 8:00,3.51,-1.4,0,0,1418.75
8/23/2022 9:00,3.28,-1.68,0,0,1417.7
8/23/2022 10:00,8.23,-1.68,0,0,1439.3
,,,,,
,,,,,
,,,,,
,,,,,
,,,,,
,,,,,
,,,,,
,,,,,
,,,,,
,,,,,
,,,,,
,,,,,
,,,,,
,,,,,
,,,,,
,,,,,
,,,,,
,,,,,
,,,,,
,,,,,
,,,,,
,,,,,
,,,,,
,,,,,
,,,,,
,,,,,
,,,,,
